-- MySQL dump 10.13  Distrib 5.7.22, for Linux (x86_64)
--
-- Host: localhost    Database: asum
-- ------------------------------------------------------
-- Server version	5.7.22-0ubuntu18.04.1

/*!40101 SET @OLD_CHARACTER_SET_CLIENT=@@CHARACTER_SET_CLIENT */;
/*!40101 SET @OLD_CHARACTER_SET_RESULTS=@@CHARACTER_SET_RESULTS */;
/*!40101 SET @OLD_COLLATION_CONNECTION=@@COLLATION_CONNECTION */;
/*!40101 SET NAMES utf8 */;
/*!40103 SET @OLD_TIME_ZONE=@@TIME_ZONE */;
/*!40103 SET TIME_ZONE='+00:00' */;
/*!40014 SET @OLD_UNIQUE_CHECKS=@@UNIQUE_CHECKS, UNIQUE_CHECKS=0 */;
/*!40014 SET @OLD_FOREIGN_KEY_CHECKS=@@FOREIGN_KEY_CHECKS, FOREIGN_KEY_CHECKS=0 */;
/*!40101 SET @OLD_SQL_MODE=@@SQL_MODE, SQL_MODE='NO_AUTO_VALUE_ON_ZERO' */;
/*!40111 SET @OLD_SQL_NOTES=@@SQL_NOTES, SQL_NOTES=0 */;

--
-- Table structure for table `addresses`
--

DROP TABLE IF EXISTS `addresses`;
/*!40101 SET @saved_cs_client     = @@character_set_client */;
/*!40101 SET character_set_client = utf8 */;
CREATE TABLE `addresses` (
  `id` int(11) NOT NULL AUTO_INCREMENT,
  `parent_id` int(11) NOT NULL DEFAULT '0',
  `nst_lvl` smallint(6) NOT NULL DEFAULT '1',
  `name` varchar(100) COLLATE utf8_bin NOT NULL,
  `path` text COLLATE utf8_bin,
  `path_childs` text COLLATE utf8_bin,
  `hash` text COLLATE utf8_bin,
  `display` tinyint(4) NOT NULL DEFAULT '1',
  `created_at` timestamp NULL DEFAULT NULL,
  `updated_at` timestamp NULL DEFAULT NULL,
  `deleted_at` timestamp NULL DEFAULT NULL,
  PRIMARY KEY (`id`)
) ENGINE=InnoDB AUTO_INCREMENT=1038 DEFAULT CHARSET=utf8 COLLATE=utf8_bin;
/*!40101 SET character_set_client = @saved_cs_client */;

--
-- Dumping data for table `addresses`
--

LOCK TABLES `addresses` WRITE;
/*!40000 ALTER TABLE `addresses` DISABLE KEYS */;
INSERT INTO `addresses` VALUES (1,0,1,'Test','1','1,2,3,4,5,6,9,10,1027','    !',1,'2018-02-23 07:10:42','2018-06-24 08:04:29',NULL),(2,1,2,'Test','1,2','2,3,4,5,6,9,10,1027','    !    \"',1,'2018-02-23 07:10:44','2018-06-24 08:04:29',NULL),(3,2,3,'1А','1,2,1','3,4,1027','    !    \"    !',1,'2018-02-23 07:10:45','2018-06-24 08:04:29',NULL),(4,3,4,'1','1,2,1,1','4','    !    \"    !    !',1,'2018-02-23 07:10:47','2018-02-23 07:10:47',NULL),(5,2,3,'0','1,2,0','5','    !    \"     ',1,'2018-02-23 12:49:07','2018-02-23 12:49:07',NULL),(6,2,3,'-','1,2,-','6','    !    \"     ',1,'2018-02-23 12:49:39','2018-02-23 12:49:39',NULL),(7,0,1,'Fd','7','7,1031,1032,1033,1034,1035,1036','    \'',1,'2018-02-23 12:50:03','2018-06-24 08:11:53',NULL),(8,0,1,'Qwer','8','8,1037','    (',1,'2018-03-21 13:33:17','2019-08-09 12:12:26',NULL),(9,2,3,'3','1,2,3','9,10','    !    \"    #',1,'2018-06-03 11:37:19','2018-06-03 13:22:36',NULL),(10,9,4,'1','1,2,3,1','10','    !    \"    #    !',1,'2018-06-03 13:22:36','2018-06-03 13:22:36',NULL),(11,0,1,'Test1','11','11','+',1,'2018-06-17 09:06:47','2018-06-17 09:45:42',NULL),(12,11,2,'Test1','11,12','12,13,14','    ,    -',1,'2018-06-17 09:06:50','2018-06-17 09:06:55',NULL),(13,12,3,'1A','11,12,1A','13,14','    ,    -    \"',1,'2018-06-17 09:06:53','2018-06-17 09:06:55',NULL),(14,13,4,'1','11,12,1A,1','14','    ,    -    \"    \"',1,'2018-06-17 09:06:55','2018-06-17 09:06:55',NULL),(15,0,1,'Test2','15','15','/',1,'2018-06-17 09:07:55','2018-06-17 09:45:42',NULL),(16,15,2,'Test2','15,16','16,17,18',',,,,0,,,,1',1,'2018-06-17 09:09:10','2018-06-17 09:09:14',NULL),(17,16,3,'1A','15,16,1A','17,18',',,,,0,,,,1,,,,\"',1,'2018-06-17 09:09:12','2018-06-17 09:09:14',NULL),(18,17,4,'1','15,16,1A,1','18',',,,,0,,,,1,,,,\",,,,\"',1,'2018-06-17 09:09:14','2018-06-17 09:09:14',NULL),(19,0,1,'Test3','19','19','3',1,'2018-06-17 09:11:03','2018-06-17 09:45:42',NULL),(20,19,2,'Test3','19,20','20,21,22','45',1,'2018-06-17 09:11:06','2018-06-17 09:11:10',NULL),(21,20,3,'1A','19,20,1A','21,22','45\"',1,'2018-06-17 09:11:08','2018-06-17 09:11:10',NULL),(22,21,4,'1','19,20,1A,1','22','45\"\"',1,'2018-06-17 09:11:10','2018-06-17 09:11:10',NULL),(25,0,1,'','25','25','9',1,'2018-06-17 09:24:43','2018-06-17 09:24:43',NULL),(26,0,1,'Test0','26','26,1028,1029,1030',':',1,'2018-06-17 09:45:42','2018-06-24 08:07:01',NULL),(27,0,1,'Test4','27','27',';',1,'2018-06-17 09:45:42','2018-06-17 09:45:42',NULL),(28,0,1,'Test5','28','28','<',1,'2018-06-17 09:45:42','2018-06-17 09:45:42',NULL),(29,0,1,'Test6','29','29','=',1,'2018-06-17 09:45:42','2018-06-17 09:45:42',NULL),(30,0,1,'Test7','30','30','>',1,'2018-06-17 09:45:42','2018-06-17 09:45:42',NULL),(31,0,1,'Test8','31','31','?',1,'2018-06-17 09:45:42','2018-06-17 09:45:42',NULL),(32,0,1,'Test9','32','32','@',1,'2018-06-17 09:45:42','2018-06-17 09:45:42',NULL),(33,0,1,'Test10','33','33','A',1,'2018-06-17 09:46:06','2018-06-17 09:46:06',NULL),(34,0,1,'Test11','34','34','B',1,'2018-06-17 09:46:06','2018-06-17 09:46:06',NULL),(35,0,1,'Test12','35','35','C',1,'2018-06-17 09:46:06','2018-06-17 09:46:06',NULL),(36,0,1,'Test13','36','36','D',1,'2018-06-17 09:46:06','2018-06-17 09:46:06',NULL),(37,0,1,'Test14','37','37','E',1,'2018-06-17 09:46:06','2018-06-17 09:46:06',NULL),(38,0,1,'Test15','38','38','F',1,'2018-06-17 09:46:06','2018-06-17 09:46:06',NULL),(39,0,1,'Test16','39','39','G',1,'2018-06-17 09:46:06','2018-06-17 09:46:06',NULL),(40,0,1,'Test17','40','40','H',1,'2018-06-17 09:46:06','2018-06-17 09:46:06',NULL),(41,0,1,'Test18','41','41','I',1,'2018-06-17 09:46:06','2018-06-17 09:46:06',NULL),(42,0,1,'Test19','42','42','J',1,'2018-06-17 09:46:06','2018-06-17 09:46:06',NULL),(43,0,1,'Test20','43','43','K',1,'2018-06-17 09:46:06','2018-06-17 09:46:06',NULL),(44,0,1,'Test21','44','44','L',1,'2018-06-17 09:46:06','2018-06-17 09:46:06',NULL),(45,0,1,'Test22','45','45','M',1,'2018-06-17 09:46:06','2018-06-17 09:46:06',NULL),(46,0,1,'Test23','46','46','N',1,'2018-06-17 09:46:06','2018-06-17 09:46:06',NULL),(47,0,1,'Test24','47','47','O',1,'2018-06-17 09:46:06','2018-06-17 09:46:06',NULL),(48,0,1,'Test25','48','48','P',1,'2018-06-17 09:46:06','2018-06-17 09:46:06',NULL),(49,0,1,'Test26','49','49','Q',1,'2018-06-17 09:46:06','2018-06-17 09:46:06',NULL),(50,0,1,'Test27','50','50','R',1,'2018-06-17 09:46:06','2018-06-17 09:46:06',NULL),(51,0,1,'Test28','51','51','S',1,'2018-06-17 09:46:06','2018-06-17 09:46:06',NULL),(52,0,1,'Test29','52','52','T',1,'2018-06-17 09:46:06','2018-06-17 09:46:06',NULL),(53,0,1,'Test30','53','53','U',1,'2018-06-17 09:46:06','2018-06-17 09:46:06',NULL),(54,0,1,'Test31','54','54','V',1,'2018-06-17 09:46:06','2018-06-17 09:46:06',NULL),(55,0,1,'Test32','55','55','W',1,'2018-06-17 09:46:06','2018-06-17 09:46:06',NULL),(56,0,1,'Test33','56','56','X',1,'2018-06-17 09:46:06','2018-06-17 09:46:06',NULL),(57,0,1,'Test34','57','57','Y',1,'2018-06-17 09:46:06','2018-06-17 09:46:06',NULL),(58,0,1,'Test35','58','58','Z',1,'2018-06-17 09:46:06','2018-06-17 09:46:06',NULL),(59,0,1,'Test36','59','59','[',1,'2018-06-17 09:46:06','2018-06-17 09:46:06',NULL),(60,0,1,'Test37','60','60','\\',1,'2018-06-17 09:46:06','2018-06-17 09:46:06',NULL),(61,0,1,'Test38','61','61',']',1,'2018-06-17 09:46:06','2018-06-17 09:46:06',NULL),(62,0,1,'Test39','62','62','^',1,'2018-06-17 09:46:06','2018-06-17 09:46:06',NULL),(63,0,1,'Test40','63','63','_',1,'2018-06-17 09:46:06','2018-06-17 09:46:06',NULL),(64,0,1,'Test41','64','64','`',1,'2018-06-17 09:46:07','2018-06-17 09:46:07',NULL),(65,0,1,'Test42','65','65','a',1,'2018-06-17 09:46:07','2018-06-17 09:46:07',NULL),(66,0,1,'Test43','66','66','b',1,'2018-06-17 09:46:07','2018-06-17 09:46:07',NULL),(67,0,1,'Test44','67','67','c',1,'2018-06-17 09:46:07','2018-06-17 09:46:07',NULL),(68,0,1,'Test45','68','68','d',1,'2018-06-17 09:46:07','2018-06-17 09:46:07',NULL),(69,0,1,'Test46','69','69','e',1,'2018-06-17 09:46:07','2018-06-17 09:46:07',NULL),(70,0,1,'Test47','70','70','f',1,'2018-06-17 09:46:07','2018-06-17 09:46:07',NULL),(71,0,1,'Test48','71','71','g',1,'2018-06-17 09:46:07','2018-06-17 09:46:07',NULL),(72,0,1,'Test49','72','72','h',1,'2018-06-17 09:46:07','2018-06-17 09:46:07',NULL),(73,0,1,'Test50','73','73','i',1,'2018-06-17 09:46:07','2018-06-17 09:46:07',NULL),(74,0,1,'Test51','74','74','j',1,'2018-06-17 09:46:07','2018-06-17 09:46:07',NULL),(75,0,1,'Test52','75','75','k',1,'2018-06-17 09:46:07','2018-06-17 09:46:07',NULL),(76,0,1,'Test53','76','76','l',1,'2018-06-17 09:46:07','2018-06-17 09:46:07',NULL),(77,0,1,'Test54','77','77','m',1,'2018-06-17 09:46:07','2018-06-17 09:46:07',NULL),(78,0,1,'Test55','78','78','n',1,'2018-06-17 09:46:07','2018-06-17 09:46:07',NULL),(79,0,1,'Test56','79','79','o',1,'2018-06-17 09:46:07','2018-06-17 09:46:07',NULL),(80,0,1,'Test57','80','80','p',1,'2018-06-17 09:46:07','2018-06-17 09:46:07',NULL),(81,0,1,'Test58','81','81','q',1,'2018-06-17 09:46:07','2018-06-17 09:46:07',NULL),(82,0,1,'Test59','82','82','r',1,'2018-06-17 09:46:07','2018-06-17 09:46:07',NULL),(83,0,1,'Test60','83','83','s',1,'2018-06-17 09:46:07','2018-06-17 09:46:07',NULL),(84,0,1,'Test61','84','84','t',1,'2018-06-17 09:46:07','2018-06-17 09:46:07',NULL),(85,0,1,'Test62','85','85','u',1,'2018-06-17 09:46:07','2018-06-17 09:46:07',NULL),(86,0,1,'Test63','86','86','v',1,'2018-06-17 09:46:07','2018-06-17 09:46:07',NULL),(87,0,1,'Test64','87','87','w',1,'2018-06-17 09:46:07','2018-06-17 09:46:07',NULL),(88,0,1,'Test65','88','88','x',1,'2018-06-17 09:46:07','2018-06-17 09:46:07',NULL),(89,0,1,'Test66','89','89','y',1,'2018-06-17 09:46:07','2018-06-17 09:46:07',NULL),(90,0,1,'Test67','90','90','z',1,'2018-06-17 09:46:07','2018-06-17 09:46:07',NULL),(91,0,1,'Test68','91','91','{',1,'2018-06-17 09:46:07','2018-06-17 09:46:07',NULL),(92,0,1,'Test69','92','92','|',1,'2018-06-17 09:46:07','2018-06-17 09:46:07',NULL),(93,0,1,'Test70','93','93','}',1,'2018-06-17 09:46:07','2018-06-17 09:46:07',NULL),(94,0,1,'Test71','94','94','~',1,'2018-06-17 09:46:07','2018-06-17 09:46:07',NULL),(95,0,1,'Test72','95','95','! ',1,'2018-06-17 09:46:07','2018-06-17 09:46:07',NULL),(96,0,1,'Test73','96','96','!!',1,'2018-06-17 09:46:07','2018-06-17 09:46:07',NULL),(97,0,1,'Test74','97','97','!\"',1,'2018-06-17 09:46:07','2018-06-17 09:46:07',NULL),(98,0,1,'Test75','98','98','!#',1,'2018-06-17 09:46:07','2018-06-17 09:46:07',NULL),(99,0,1,'Test76','99','99','!$',1,'2018-06-17 09:46:07','2018-06-17 09:46:07',NULL),(100,0,1,'Test77','100','100','!%',1,'2018-06-17 09:46:07','2018-06-17 09:46:07',NULL),(101,0,1,'Test78','101','101','!&',1,'2018-06-17 09:46:07','2018-06-17 09:46:07',NULL),(102,0,1,'Test79','102','102','!\'',1,'2018-06-17 09:46:07','2018-06-17 09:46:07',NULL),(103,0,1,'Test80','103','103','!(',1,'2018-06-17 09:46:07','2018-06-17 09:46:07',NULL),(104,0,1,'Test81','104','104','!)',1,'2018-06-17 09:46:07','2018-06-17 09:46:07',NULL),(105,0,1,'Test82','105','105','!*',1,'2018-06-17 09:46:07','2018-06-17 09:46:07',NULL),(106,0,1,'Test83','106','106','!+',1,'2018-06-17 09:46:07','2018-06-17 09:46:07',NULL),(107,0,1,'Test84','107','107','!,',1,'2018-06-17 09:46:07','2018-06-17 09:46:07',NULL),(108,0,1,'Test85','108','108','!-',1,'2018-06-17 09:46:07','2018-06-17 09:46:07',NULL),(109,0,1,'Test86','109','109','!.',1,'2018-06-17 09:46:07','2018-06-17 09:46:07',NULL),(110,0,1,'Test87','110','110','!/',1,'2018-06-17 09:46:07','2018-06-17 09:46:07',NULL),(111,0,1,'Test88','111','111','!0',1,'2018-06-17 09:46:07','2018-06-17 09:46:07',NULL),(112,0,1,'Test89','112','112','!1',1,'2018-06-17 09:46:07','2018-06-17 09:46:07',NULL),(113,0,1,'Test90','113','113','!2',1,'2018-06-17 09:46:07','2018-06-17 09:46:07',NULL),(114,0,1,'Test91','114','114','!3',1,'2018-06-17 09:46:07','2018-06-17 09:46:07',NULL),(115,0,1,'Test92','115','115','!4',1,'2018-06-17 09:46:07','2018-06-17 09:46:07',NULL),(116,0,1,'Test93','116','116','!5',1,'2018-06-17 09:46:07','2018-06-17 09:46:07',NULL),(117,0,1,'Test94','117','117','!6',1,'2018-06-17 09:46:07','2018-06-17 09:46:07',NULL),(118,0,1,'Test95','118','118','!7',1,'2018-06-17 09:46:07','2018-06-17 09:46:07',NULL),(119,0,1,'Test96','119','119','!8',1,'2018-06-17 09:46:07','2018-06-17 09:46:07',NULL),(120,0,1,'Test97','120','120','!9',1,'2018-06-17 09:46:07','2018-06-17 09:46:07',NULL),(121,0,1,'Test98','121','121','!:',1,'2018-06-17 09:46:07','2018-06-17 09:46:07',NULL),(122,0,1,'Test99','122','122','!;',1,'2018-06-17 09:46:07','2018-06-17 09:46:07',NULL),(123,0,1,'Test100','123','123','!<',1,'2018-06-17 09:46:07','2018-06-17 09:46:07',NULL),(124,0,1,'Test101','124','124','!=',1,'2018-06-17 09:46:07','2018-06-17 09:46:07',NULL),(125,0,1,'Test102','125','125','!>',1,'2018-06-17 09:46:07','2018-06-17 09:46:07',NULL),(126,0,1,'Test103','126','126','!?',1,'2018-06-17 09:46:07','2018-06-17 09:46:07',NULL),(127,0,1,'Test104','127','127','!@',1,'2018-06-17 09:46:07','2018-06-17 09:46:07',NULL),(128,0,1,'Test105','128','128','!A',1,'2018-06-17 09:46:07','2018-06-17 09:46:07',NULL),(129,0,1,'Test106','129','129','!B',1,'2018-06-17 09:46:07','2018-06-17 09:46:07',NULL),(130,0,1,'Test107','130','130','!C',1,'2018-06-17 09:46:07','2018-06-17 09:46:07',NULL),(131,0,1,'Test108','131','131','!D',1,'2018-06-17 09:46:07','2018-06-17 09:46:07',NULL),(132,0,1,'Test109','132','132','!E',1,'2018-06-17 09:46:07','2018-06-17 09:46:07',NULL),(133,0,1,'Test110','133','133','!F',1,'2018-06-17 09:46:07','2018-06-17 09:46:07',NULL),(134,0,1,'Test111','134','134','!G',1,'2018-06-17 09:46:07','2018-06-17 09:46:07',NULL),(135,0,1,'Test112','135','135','!H',1,'2018-06-17 09:46:07','2018-06-17 09:46:07',NULL),(136,0,1,'Test113','136','136','!I',1,'2018-06-17 09:46:07','2018-06-17 09:46:07',NULL),(137,0,1,'Test114','137','137','!J',1,'2018-06-17 09:46:07','2018-06-17 09:46:07',NULL),(138,0,1,'Test115','138','138','!K',1,'2018-06-17 09:46:07','2018-06-17 09:46:07',NULL),(139,0,1,'Test116','139','139','!L',1,'2018-06-17 09:46:07','2018-06-17 09:46:07',NULL),(140,0,1,'Test117','140','140','!M',1,'2018-06-17 09:46:07','2018-06-17 09:46:07',NULL),(141,0,1,'Test118','141','141','!N',1,'2018-06-17 09:46:07','2018-06-17 09:46:07',NULL),(142,0,1,'Test119','142','142','!O',1,'2018-06-17 09:46:07','2018-06-17 09:46:07',NULL),(143,0,1,'Test120','143','143','!P',1,'2018-06-17 09:46:07','2018-06-17 09:46:07',NULL),(144,0,1,'Test121','144','144','!Q',1,'2018-06-17 09:46:07','2018-06-17 09:46:07',NULL),(145,0,1,'Test122','145','145','!R',1,'2018-06-17 09:46:07','2018-06-17 09:46:07',NULL),(146,0,1,'Test123','146','146','!S',1,'2018-06-17 09:46:07','2018-06-17 09:46:07',NULL),(147,0,1,'Test124','147','147','!T',1,'2018-06-17 09:46:07','2018-06-17 09:46:07',NULL),(148,0,1,'Test125','148','148','!U',1,'2018-06-17 09:46:07','2018-06-17 09:46:07',NULL),(149,0,1,'Test126','149','149','!V',1,'2018-06-17 09:46:07','2018-06-17 09:46:07',NULL),(150,0,1,'Test127','150','150','!W',1,'2018-06-17 09:46:07','2018-06-17 09:46:07',NULL),(151,0,1,'Test128','151','151','!X',1,'2018-06-17 09:46:07','2018-06-17 09:46:07',NULL),(152,0,1,'Test129','152','152','!Y',1,'2018-06-17 09:46:07','2018-06-17 09:46:07',NULL),(153,0,1,'Test130','153','153','!Z',1,'2018-06-17 09:46:07','2018-06-17 09:46:07',NULL),(154,0,1,'Test131','154','154','![',1,'2018-06-17 09:46:07','2018-06-17 09:46:07',NULL),(155,0,1,'Test132','155','155','!\\',1,'2018-06-17 09:46:07','2018-06-17 09:46:07',NULL),(156,0,1,'Test133','156','156','!]',1,'2018-06-17 09:46:07','2018-06-17 09:46:07',NULL),(157,0,1,'Test134','157','157','!^',1,'2018-06-17 09:46:07','2018-06-17 09:46:07',NULL),(158,0,1,'Test135','158','158','!_',1,'2018-06-17 09:46:07','2018-06-17 09:46:07',NULL),(159,0,1,'Test136','159','159','!`',1,'2018-06-17 09:46:07','2018-06-17 09:46:07',NULL),(160,0,1,'Test137','160','160','!a',1,'2018-06-17 09:46:07','2018-06-17 09:46:07',NULL),(161,0,1,'Test138','161','161','!b',1,'2018-06-17 09:46:07','2018-06-17 09:46:07',NULL),(162,0,1,'Test139','162','162','!c',1,'2018-06-17 09:46:07','2018-06-17 09:46:07',NULL),(163,0,1,'Test140','163','163','!d',1,'2018-06-17 09:46:07','2018-06-17 09:46:07',NULL),(164,0,1,'Test141','164','164','!e',1,'2018-06-17 09:46:07','2018-06-17 09:46:07',NULL),(165,0,1,'Test142','165','165','!f',1,'2018-06-17 09:46:07','2018-06-17 09:46:07',NULL),(166,0,1,'Test143','166','166','!g',1,'2018-06-17 09:46:07','2018-06-17 09:46:07',NULL),(167,0,1,'Test144','167','167','!h',1,'2018-06-17 09:46:07','2018-06-17 09:46:07',NULL),(168,0,1,'Test145','168','168','!i',1,'2018-06-17 09:46:07','2018-06-17 09:46:07',NULL),(169,0,1,'Test146','169','169','!j',1,'2018-06-17 09:46:07','2018-06-17 09:46:07',NULL),(170,0,1,'Test147','170','170','!k',1,'2018-06-17 09:46:07','2018-06-17 09:46:07',NULL),(171,0,1,'Test148','171','171','!l',1,'2018-06-17 09:46:07','2018-06-17 09:46:07',NULL),(172,0,1,'Test149','172','172','!m',1,'2018-06-17 09:46:07','2018-06-17 09:46:07',NULL),(173,0,1,'Test150','173','173','!n',1,'2018-06-17 09:46:07','2018-06-17 09:46:07',NULL),(174,0,1,'Test151','174','174','!o',1,'2018-06-17 09:46:07','2018-06-17 09:46:07',NULL),(175,0,1,'Test152','175','175','!p',1,'2018-06-17 09:46:07','2018-06-17 09:46:07',NULL),(176,0,1,'Test153','176','176','!q',1,'2018-06-17 09:46:07','2018-06-17 09:46:07',NULL),(177,0,1,'Test154','177','177','!r',1,'2018-06-17 09:46:07','2018-06-17 09:46:07',NULL),(178,0,1,'Test155','178','178','!s',1,'2018-06-17 09:46:07','2018-06-17 09:46:07',NULL),(179,0,1,'Test156','179','179','!t',1,'2018-06-17 09:46:07','2018-06-17 09:46:07',NULL),(180,0,1,'Test157','180','180','!u',1,'2018-06-17 09:46:07','2018-06-17 09:46:07',NULL),(181,0,1,'Test158','181','181','!v',1,'2018-06-17 09:46:07','2018-06-17 09:46:07',NULL),(182,0,1,'Test159','182','182','!w',1,'2018-06-17 09:46:07','2018-06-17 09:46:07',NULL),(183,0,1,'Test160','183','183','!x',1,'2018-06-17 09:46:07','2018-06-17 09:46:08',NULL),(184,0,1,'Test161','184','184','!y',1,'2018-06-17 09:46:08','2018-06-17 09:46:08',NULL),(185,0,1,'Test162','185','185','!z',1,'2018-06-17 09:46:08','2018-06-17 09:46:08',NULL),(186,0,1,'Test163','186','186','!{',1,'2018-06-17 09:46:08','2018-06-17 09:46:08',NULL),(187,0,1,'Test164','187','187','!|',1,'2018-06-17 09:46:08','2018-06-17 09:46:08',NULL),(188,0,1,'Test165','188','188','!}',1,'2018-06-17 09:46:08','2018-06-17 09:46:08',NULL),(189,0,1,'Test166','189','189','!~',1,'2018-06-17 09:46:08','2018-06-17 09:46:08',NULL),(190,0,1,'Test167','190','190','\" ',1,'2018-06-17 09:46:08','2018-06-17 09:46:08',NULL),(191,0,1,'Test168','191','191','\"!',1,'2018-06-17 09:46:08','2018-06-17 09:46:08',NULL),(192,0,1,'Test169','192','192','\"\"',1,'2018-06-17 09:46:08','2018-06-17 09:46:08',NULL),(193,0,1,'Test170','193','193','\"#',1,'2018-06-17 09:46:08','2018-06-17 09:46:08',NULL),(194,0,1,'Test171','194','194','\"$',1,'2018-06-17 09:46:08','2018-06-17 09:46:08',NULL),(195,0,1,'Test172','195','195','\"%',1,'2018-06-17 09:46:08','2018-06-17 09:46:08',NULL),(196,0,1,'Test173','196','196','\"&',1,'2018-06-17 09:46:08','2018-06-17 09:46:08',NULL),(197,0,1,'Test174','197','197','\"\'',1,'2018-06-17 09:46:08','2018-06-17 09:46:08',NULL),(198,0,1,'Test175','198','198','\"(',1,'2018-06-17 09:46:08','2018-06-17 09:46:08',NULL),(199,0,1,'Test176','199','199','\")',1,'2018-06-17 09:46:08','2018-06-17 09:46:08',NULL),(200,0,1,'Test177','200','200','\"*',1,'2018-06-17 09:46:08','2018-06-17 09:46:08',NULL),(201,0,1,'Test178','201','201','\"+',1,'2018-06-17 09:46:08','2018-06-17 09:46:08',NULL),(202,0,1,'Test179','202','202','\",',1,'2018-06-17 09:46:08','2018-06-17 09:46:08',NULL),(203,0,1,'Test180','203','203','\"-',1,'2018-06-17 09:46:08','2018-06-17 09:46:08',NULL),(204,0,1,'Test181','204','204','\".',1,'2018-06-17 09:46:08','2018-06-17 09:46:08',NULL),(205,0,1,'Test182','205','205','\"/',1,'2018-06-17 09:46:08','2018-06-17 09:46:08',NULL),(206,0,1,'Test183','206','206','\"0',1,'2018-06-17 09:46:08','2018-06-17 09:46:08',NULL),(207,0,1,'Test184','207','207','\"1',1,'2018-06-17 09:46:08','2018-06-17 09:46:08',NULL),(208,0,1,'Test185','208','208','\"2',1,'2018-06-17 09:46:08','2018-06-17 09:46:08',NULL),(209,0,1,'Test186','209','209','\"3',1,'2018-06-17 09:46:08','2018-06-17 09:46:08',NULL),(210,0,1,'Test187','210','210','\"4',1,'2018-06-17 09:46:08','2018-06-17 09:46:08',NULL),(211,0,1,'Test188','211','211','\"5',1,'2018-06-17 09:46:08','2018-06-17 09:46:08',NULL),(212,0,1,'Test189','212','212','\"6',1,'2018-06-17 09:46:08','2018-06-17 09:46:08',NULL),(213,0,1,'Test190','213','213','\"7',1,'2018-06-17 09:46:08','2018-06-17 09:46:08',NULL),(214,0,1,'Test191','214','214','\"8',1,'2018-06-17 09:46:08','2018-06-17 09:46:08',NULL),(215,0,1,'Test192','215','215','\"9',1,'2018-06-17 09:46:08','2018-06-17 09:46:08',NULL),(216,0,1,'Test193','216','216','\":',1,'2018-06-17 09:46:08','2018-06-17 09:46:08',NULL),(217,0,1,'Test194','217','217','\";',1,'2018-06-17 09:46:08','2018-06-17 09:46:08',NULL),(218,0,1,'Test195','218','218','\"<',1,'2018-06-17 09:46:08','2018-06-17 09:46:08',NULL),(219,0,1,'Test196','219','219','\"=',1,'2018-06-17 09:46:08','2018-06-17 09:46:08',NULL),(220,0,1,'Test197','220','220','\">',1,'2018-06-17 09:46:08','2018-06-17 09:46:08',NULL),(221,0,1,'Test198','221','221','\"?',1,'2018-06-17 09:46:08','2018-06-17 09:46:08',NULL),(222,0,1,'Test199','222','222','\"@',1,'2018-06-17 09:46:08','2018-06-17 09:46:08',NULL),(223,0,1,'Test200','223','223','\"A',1,'2018-06-17 09:46:08','2018-06-17 09:46:08',NULL),(224,0,1,'Test201','224','224','\"B',1,'2018-06-17 09:46:08','2018-06-17 09:46:08',NULL),(225,0,1,'Test202','225','225','\"C',1,'2018-06-17 09:46:08','2018-06-17 09:46:08',NULL),(226,0,1,'Test203','226','226','\"D',1,'2018-06-17 09:46:08','2018-06-17 09:46:08',NULL),(227,0,1,'Test204','227','227','\"E',1,'2018-06-17 09:46:08','2018-06-17 09:46:08',NULL),(228,0,1,'Test205','228','228','\"F',1,'2018-06-17 09:46:08','2018-06-17 09:46:08',NULL),(229,0,1,'Test206','229','229','\"G',1,'2018-06-17 09:46:08','2018-06-17 09:46:08',NULL),(230,0,1,'Test207','230','230','\"H',1,'2018-06-17 09:46:08','2018-06-17 09:46:08',NULL),(231,0,1,'Test208','231','231','\"I',1,'2018-06-17 09:46:08','2018-06-17 09:46:08',NULL),(232,0,1,'Test209','232','232','\"J',1,'2018-06-17 09:46:08','2018-06-17 09:46:08',NULL),(233,0,1,'Test210','233','233','\"K',1,'2018-06-17 09:46:08','2018-06-17 09:46:08',NULL),(234,0,1,'Test211','234','234','\"L',1,'2018-06-17 09:46:08','2018-06-17 09:46:08',NULL),(235,0,1,'Test212','235','235','\"M',1,'2018-06-17 09:46:08','2018-06-17 09:46:08',NULL),(236,0,1,'Test213','236','236','\"N',1,'2018-06-17 09:46:08','2018-06-17 09:46:08',NULL),(237,0,1,'Test214','237','237','\"O',1,'2018-06-17 09:46:08','2018-06-17 09:46:08',NULL),(238,0,1,'Test215','238','238','\"P',1,'2018-06-17 09:46:08','2018-06-17 09:46:08',NULL),(239,0,1,'Test216','239','239','\"Q',1,'2018-06-17 09:46:08','2018-06-17 09:46:08',NULL),(240,0,1,'Test217','240','240','\"R',1,'2018-06-17 09:46:08','2018-06-17 09:46:08',NULL),(241,0,1,'Test218','241','241','\"S',1,'2018-06-17 09:46:08','2018-06-17 09:46:08',NULL),(242,0,1,'Test219','242','242','\"T',1,'2018-06-17 09:46:08','2018-06-17 09:46:08',NULL),(243,0,1,'Test220','243','243','\"U',1,'2018-06-17 09:46:08','2018-06-17 09:46:08',NULL),(244,0,1,'Test221','244','244','\"V',1,'2018-06-17 09:46:08','2018-06-17 09:46:08',NULL),(245,0,1,'Test222','245','245','\"W',1,'2018-06-17 09:46:08','2018-06-17 09:46:08',NULL),(246,0,1,'Test223','246','246','\"X',1,'2018-06-17 09:46:08','2018-06-17 09:46:08',NULL),(247,0,1,'Test224','247','247','\"Y',1,'2018-06-17 09:46:08','2018-06-17 09:46:08',NULL),(248,0,1,'Test225','248','248','\"Z',1,'2018-06-17 09:46:08','2018-06-17 09:46:08',NULL),(249,0,1,'Test226','249','249','\"[',1,'2018-06-17 09:46:08','2018-06-17 09:46:08',NULL),(250,0,1,'Test227','250','250','\"\\',1,'2018-06-17 09:46:08','2018-06-17 09:46:08',NULL),(251,0,1,'Test228','251','251','\"]',1,'2018-06-17 09:46:08','2018-06-17 09:46:08',NULL),(252,0,1,'Test229','252','252','\"^',1,'2018-06-17 09:46:08','2018-06-17 09:46:08',NULL),(253,0,1,'Test230','253','253','\"_',1,'2018-06-17 09:46:08','2018-06-17 09:46:08',NULL),(254,0,1,'Test231','254','254','\"`',1,'2018-06-17 09:46:08','2018-06-17 09:46:08',NULL),(255,0,1,'Test232','255','255','\"a',1,'2018-06-17 09:46:08','2018-06-17 09:46:08',NULL),(256,0,1,'Test233','256','256','\"b',1,'2018-06-17 09:46:08','2018-06-17 09:46:08',NULL),(257,0,1,'Test234','257','257','\"c',1,'2018-06-17 09:46:08','2018-06-17 09:46:08',NULL),(258,0,1,'Test235','258','258','\"d',1,'2018-06-17 09:46:08','2018-06-17 09:46:08',NULL),(259,0,1,'Test236','259','259','\"e',1,'2018-06-17 09:46:08','2018-06-17 09:46:08',NULL),(260,0,1,'Test237','260','260','\"f',1,'2018-06-17 09:46:08','2018-06-17 09:46:08',NULL),(261,0,1,'Test238','261','261','\"g',1,'2018-06-17 09:46:08','2018-06-17 09:46:08',NULL),(262,0,1,'Test239','262','262','\"h',1,'2018-06-17 09:46:08','2018-06-17 09:46:08',NULL),(263,0,1,'Test240','263','263','\"i',1,'2018-06-17 09:46:08','2018-06-17 09:46:08',NULL),(264,0,1,'Test241','264','264','\"j',1,'2018-06-17 09:46:08','2018-06-17 09:46:08',NULL),(265,0,1,'Test242','265','265','\"k',1,'2018-06-17 09:46:08','2018-06-17 09:46:08',NULL),(266,0,1,'Test243','266','266','\"l',1,'2018-06-17 09:46:08','2018-06-17 09:46:08',NULL),(267,0,1,'Test244','267','267','\"m',1,'2018-06-17 09:46:08','2018-06-17 09:46:08',NULL),(268,0,1,'Test245','268','268','\"n',1,'2018-06-17 09:46:08','2018-06-17 09:46:08',NULL),(269,0,1,'Test246','269','269','\"o',1,'2018-06-17 09:46:08','2018-06-17 09:46:08',NULL),(270,0,1,'Test247','270','270','\"p',1,'2018-06-17 09:46:08','2018-06-17 09:46:08',NULL),(271,0,1,'Test248','271','271','\"q',1,'2018-06-17 09:46:08','2018-06-17 09:46:08',NULL),(272,0,1,'Test249','272','272','\"r',1,'2018-06-17 09:46:08','2018-06-17 09:46:08',NULL),(273,0,1,'Test250','273','273','\"s',1,'2018-06-17 09:46:08','2018-06-17 09:46:08',NULL),(274,0,1,'Test251','274','274','\"t',1,'2018-06-17 09:46:08','2018-06-17 09:46:08',NULL),(275,0,1,'Test252','275','275','\"u',1,'2018-06-17 09:46:08','2018-06-17 09:46:08',NULL),(276,0,1,'Test253','276','276','\"v',1,'2018-06-17 09:46:08','2018-06-17 09:46:08',NULL),(277,0,1,'Test254','277','277','\"w',1,'2018-06-17 09:46:08','2018-06-17 09:46:08',NULL),(278,0,1,'Test255','278','278','\"x',1,'2018-06-17 09:46:08','2018-06-17 09:46:08',NULL),(279,0,1,'Test256','279','279','\"y',1,'2018-06-17 09:46:08','2018-06-17 09:46:08',NULL),(280,0,1,'Test257','280','280','\"z',1,'2018-06-17 09:46:08','2018-06-17 09:46:08',NULL),(281,0,1,'Test258','281','281','\"{',1,'2018-06-17 09:46:08','2018-06-17 09:46:08',NULL),(282,0,1,'Test259','282','282','\"|',1,'2018-06-17 09:46:08','2018-06-17 09:46:08',NULL),(283,0,1,'Test260','283','283','\"}',1,'2018-06-17 09:46:08','2018-06-17 09:46:08',NULL),(284,0,1,'Test261','284','284','\"~',1,'2018-06-17 09:46:08','2018-06-17 09:46:08',NULL),(285,0,1,'Test262','285','285','# ',1,'2018-06-17 09:46:08','2018-06-17 09:46:08',NULL),(286,0,1,'Test263','286','286','#!',1,'2018-06-17 09:46:08','2018-06-17 09:46:08',NULL),(287,0,1,'Test264','287','287','#\"',1,'2018-06-17 09:46:08','2018-06-17 09:46:08',NULL),(288,0,1,'Test265','288','288','##',1,'2018-06-17 09:46:08','2018-06-17 09:46:08',NULL),(289,0,1,'Test266','289','289','#$',1,'2018-06-17 09:46:08','2018-06-17 09:46:08',NULL),(290,0,1,'Test267','290','290','#%',1,'2018-06-17 09:46:08','2018-06-17 09:46:08',NULL),(291,0,1,'Test268','291','291','#&',1,'2018-06-17 09:46:08','2018-06-17 09:46:08',NULL),(292,0,1,'Test269','292','292','#\'',1,'2018-06-17 09:46:08','2018-06-17 09:46:08',NULL),(293,0,1,'Test270','293','293','#(',1,'2018-06-17 09:46:08','2018-06-17 09:46:08',NULL),(294,0,1,'Test271','294','294','#)',1,'2018-06-17 09:46:08','2018-06-17 09:46:08',NULL),(295,0,1,'Test272','295','295','#*',1,'2018-06-17 09:46:08','2018-06-17 09:46:08',NULL),(296,0,1,'Test273','296','296','#+',1,'2018-06-17 09:46:08','2018-06-17 09:46:08',NULL),(297,0,1,'Test274','297','297','#,',1,'2018-06-17 09:46:08','2018-06-17 09:46:08',NULL),(298,0,1,'Test275','298','298','#-',1,'2018-06-17 09:46:08','2018-06-17 09:46:08',NULL),(299,0,1,'Test276','299','299','#.',1,'2018-06-17 09:46:09','2018-06-17 09:46:09',NULL),(300,0,1,'Test277','300','300','#/',1,'2018-06-17 09:46:09','2018-06-17 09:46:09',NULL),(301,0,1,'Test278','301','301','#0',1,'2018-06-17 09:46:09','2018-06-17 09:46:09',NULL),(302,0,1,'Test279','302','302','#1',1,'2018-06-17 09:46:09','2018-06-17 09:46:09',NULL),(303,0,1,'Test280','303','303','#2',1,'2018-06-17 09:46:09','2018-06-17 09:46:09',NULL),(304,0,1,'Test281','304','304','#3',1,'2018-06-17 09:46:09','2018-06-17 09:46:09',NULL),(305,0,1,'Test282','305','305','#4',1,'2018-06-17 09:46:09','2018-06-17 09:46:09',NULL),(306,0,1,'Test283','306','306','#5',1,'2018-06-17 09:46:09','2018-06-17 09:46:09',NULL),(307,0,1,'Test284','307','307','#6',1,'2018-06-17 09:46:09','2018-06-17 09:46:09',NULL),(308,0,1,'Test285','308','308','#7',1,'2018-06-17 09:46:09','2018-06-17 09:46:09',NULL),(309,0,1,'Test286','309','309','#8',1,'2018-06-17 09:46:09','2018-06-17 09:46:09',NULL),(310,0,1,'Test287','310','310','#9',1,'2018-06-17 09:46:09','2018-06-17 09:46:09',NULL),(311,0,1,'Test288','311','311','#:',1,'2018-06-17 09:46:09','2018-06-17 09:46:09',NULL),(312,0,1,'Test289','312','312','#;',1,'2018-06-17 09:46:09','2018-06-17 09:46:09',NULL),(313,0,1,'Test290','313','313','#<',1,'2018-06-17 09:46:09','2018-06-17 09:46:09',NULL),(314,0,1,'Test291','314','314','#=',1,'2018-06-17 09:46:09','2018-06-17 09:46:09',NULL),(315,0,1,'Test292','315','315','#>',1,'2018-06-17 09:46:09','2018-06-17 09:46:09',NULL),(316,0,1,'Test293','316','316','#?',1,'2018-06-17 09:46:09','2018-06-17 09:46:09',NULL),(317,0,1,'Test294','317','317','#@',1,'2018-06-17 09:46:09','2018-06-17 09:46:09',NULL),(318,0,1,'Test295','318','318','#A',1,'2018-06-17 09:46:09','2018-06-17 09:46:09',NULL),(319,0,1,'Test296','319','319','#B',1,'2018-06-17 09:46:09','2018-06-17 09:46:09',NULL),(320,0,1,'Test297','320','320','#C',1,'2018-06-17 09:46:09','2018-06-17 09:46:09',NULL),(321,0,1,'Test298','321','321','#D',1,'2018-06-17 09:46:09','2018-06-17 09:46:09',NULL),(322,0,1,'Test299','322','322','#E',1,'2018-06-17 09:46:09','2018-06-17 09:46:09',NULL),(323,0,1,'Test300','323','323','#F',1,'2018-06-17 09:46:09','2018-06-17 09:46:09',NULL),(324,0,1,'Test301','324','324','#G',1,'2018-06-17 09:46:09','2018-06-17 09:46:09',NULL),(325,0,1,'Test302','325','325','#H',1,'2018-06-17 09:46:09','2018-06-17 09:46:09',NULL),(326,0,1,'Test303','326','326','#I',1,'2018-06-17 09:46:09','2018-06-17 09:46:09',NULL),(327,0,1,'Test304','327','327','#J',1,'2018-06-17 09:46:09','2018-06-17 09:46:09',NULL),(328,0,1,'Test305','328','328','#K',1,'2018-06-17 09:46:09','2018-06-17 09:46:09',NULL),(329,0,1,'Test306','329','329','#L',1,'2018-06-17 09:46:09','2018-06-17 09:46:09',NULL),(330,0,1,'Test307','330','330','#M',1,'2018-06-17 09:46:09','2018-06-17 09:46:09',NULL),(331,0,1,'Test308','331','331','#N',1,'2018-06-17 09:46:09','2018-06-17 09:46:09',NULL),(332,0,1,'Test309','332','332','#O',1,'2018-06-17 09:46:09','2018-06-17 09:46:09',NULL),(333,0,1,'Test310','333','333','#P',1,'2018-06-17 09:46:09','2018-06-17 09:46:09',NULL),(334,0,1,'Test311','334','334','#Q',1,'2018-06-17 09:46:09','2018-06-17 09:46:09',NULL),(335,0,1,'Test312','335','335','#R',1,'2018-06-17 09:46:09','2018-06-17 09:46:09',NULL),(336,0,1,'Test313','336','336','#S',1,'2018-06-17 09:46:09','2018-06-17 09:46:09',NULL),(337,0,1,'Test314','337','337','#T',1,'2018-06-17 09:46:09','2018-06-17 09:46:09',NULL),(338,0,1,'Test315','338','338','#U',1,'2018-06-17 09:46:09','2018-06-17 09:46:09',NULL),(339,0,1,'Test316','339','339','#V',1,'2018-06-17 09:46:09','2018-06-17 09:46:09',NULL),(340,0,1,'Test317','340','340','#W',1,'2018-06-17 09:46:09','2018-06-17 09:46:09',NULL),(341,0,1,'Test318','341','341','#X',1,'2018-06-17 09:46:09','2018-06-17 09:46:09',NULL),(342,0,1,'Test319','342','342','#Y',1,'2018-06-17 09:46:09','2018-06-17 09:46:09',NULL),(343,0,1,'Test320','343','343','#Z',1,'2018-06-17 09:46:09','2018-06-17 09:46:09',NULL),(344,0,1,'Test321','344','344','#[',1,'2018-06-17 09:46:09','2018-06-17 09:46:09',NULL),(345,0,1,'Test322','345','345','#\\',1,'2018-06-17 09:46:09','2018-06-17 09:46:09',NULL),(346,0,1,'Test323','346','346','#]',1,'2018-06-17 09:46:09','2018-06-17 09:46:09',NULL),(347,0,1,'Test324','347','347','#^',1,'2018-06-17 09:46:09','2018-06-17 09:46:09',NULL),(348,0,1,'Test325','348','348','#_',1,'2018-06-17 09:46:09','2018-06-17 09:46:09',NULL),(349,0,1,'Test326','349','349','#`',1,'2018-06-17 09:46:09','2018-06-17 09:46:09',NULL),(350,0,1,'Test327','350','350','#a',1,'2018-06-17 09:46:09','2018-06-17 09:46:09',NULL),(351,0,1,'Test328','351','351','#b',1,'2018-06-17 09:46:09','2018-06-17 09:46:09',NULL),(352,0,1,'Test329','352','352','#c',1,'2018-06-17 09:46:09','2018-06-17 09:46:09',NULL),(353,0,1,'Test330','353','353','#d',1,'2018-06-17 09:46:09','2018-06-17 09:46:09',NULL),(354,0,1,'Test331','354','354','#e',1,'2018-06-17 09:46:09','2018-06-17 09:46:09',NULL),(355,0,1,'Test332','355','355','#f',1,'2018-06-17 09:46:09','2018-06-17 09:46:09',NULL),(356,0,1,'Test333','356','356','#g',1,'2018-06-17 09:46:09','2018-06-17 09:46:09',NULL),(357,0,1,'Test334','357','357','#h',1,'2018-06-17 09:46:09','2018-06-17 09:46:09',NULL),(358,0,1,'Test335','358','358','#i',1,'2018-06-17 09:46:09','2018-06-17 09:46:09',NULL),(359,0,1,'Test336','359','359','#j',1,'2018-06-17 09:46:09','2018-06-17 09:46:09',NULL),(360,0,1,'Test337','360','360','#k',1,'2018-06-17 09:46:09','2018-06-17 09:46:09',NULL),(361,0,1,'Test338','361','361','#l',1,'2018-06-17 09:46:09','2018-06-17 09:46:09',NULL),(362,0,1,'Test339','362','362','#m',1,'2018-06-17 09:46:09','2018-06-17 09:46:09',NULL),(363,0,1,'Test340','363','363','#n',1,'2018-06-17 09:46:09','2018-06-17 09:46:09',NULL),(364,0,1,'Test341','364','364','#o',1,'2018-06-17 09:46:09','2018-06-17 09:46:09',NULL),(365,0,1,'Test342','365','365','#p',1,'2018-06-17 09:46:09','2018-06-17 09:46:09',NULL),(366,0,1,'Test343','366','366','#q',1,'2018-06-17 09:46:09','2018-06-17 09:46:09',NULL),(367,0,1,'Test344','367','367','#r',1,'2018-06-17 09:46:09','2018-06-17 09:46:09',NULL),(368,0,1,'Test345','368','368','#s',1,'2018-06-17 09:46:09','2018-06-17 09:46:09',NULL),(369,0,1,'Test346','369','369','#t',1,'2018-06-17 09:46:09','2018-06-17 09:46:09',NULL),(370,0,1,'Test347','370','370','#u',1,'2018-06-17 09:46:09','2018-06-17 09:46:09',NULL),(371,0,1,'Test348','371','371','#v',1,'2018-06-17 09:46:09','2018-06-17 09:46:09',NULL),(372,0,1,'Test349','372','372','#w',1,'2018-06-17 09:46:09','2018-06-17 09:46:09',NULL),(373,0,1,'Test350','373','373','#x',1,'2018-06-17 09:46:09','2018-06-17 09:46:09',NULL),(374,0,1,'Test351','374','374','#y',1,'2018-06-17 09:46:09','2018-06-17 09:46:09',NULL),(375,0,1,'Test352','375','375','#z',1,'2018-06-17 09:46:09','2018-06-17 09:46:09',NULL),(376,0,1,'Test353','376','376','#{',1,'2018-06-17 09:46:09','2018-06-17 09:46:09',NULL),(377,0,1,'Test354','377','377','#|',1,'2018-06-17 09:46:09','2018-06-17 09:46:09',NULL),(378,0,1,'Test355','378','378','#}',1,'2018-06-17 09:46:09','2018-06-17 09:46:09',NULL),(379,0,1,'Test356','379','379','#~',1,'2018-06-17 09:46:09','2018-06-17 09:46:09',NULL),(380,0,1,'Test357','380','380','$ ',1,'2018-06-17 09:46:09','2018-06-17 09:46:09',NULL),(381,0,1,'Test358','381','381','$!',1,'2018-06-17 09:46:09','2018-06-17 09:46:09',NULL),(382,0,1,'Test359','382','382','$\"',1,'2018-06-17 09:46:09','2018-06-17 09:46:09',NULL),(383,0,1,'Test360','383','383','$#',1,'2018-06-17 09:46:09','2018-06-17 09:46:09',NULL),(384,0,1,'Test361','384','384','$$',1,'2018-06-17 09:46:09','2018-06-17 09:46:09',NULL),(385,0,1,'Test362','385','385','$%',1,'2018-06-17 09:46:09','2018-06-17 09:46:09',NULL),(386,0,1,'Test363','386','386','$&',1,'2018-06-17 09:46:09','2018-06-17 09:46:09',NULL),(387,0,1,'Test364','387','387','$\'',1,'2018-06-17 09:46:09','2018-06-17 09:46:09',NULL),(388,0,1,'Test365','388','388','$(',1,'2018-06-17 09:46:09','2018-06-17 09:46:09',NULL),(389,0,1,'Test366','389','389','$)',1,'2018-06-17 09:46:09','2018-06-17 09:46:09',NULL),(390,0,1,'Test367','390','390','$*',1,'2018-06-17 09:46:09','2018-06-17 09:46:09',NULL),(391,0,1,'Test368','391','391','$+',1,'2018-06-17 09:46:09','2018-06-17 09:46:09',NULL),(392,0,1,'Test369','392','392','$,',1,'2018-06-17 09:46:09','2018-06-17 09:46:09',NULL),(393,0,1,'Test370','393','393','$-',1,'2018-06-17 09:46:09','2018-06-17 09:46:09',NULL),(394,0,1,'Test371','394','394','$.',1,'2018-06-17 09:46:09','2018-06-17 09:46:09',NULL),(395,0,1,'Test372','395','395','$/',1,'2018-06-17 09:46:09','2018-06-17 09:46:09',NULL),(396,0,1,'Test373','396','396','$0',1,'2018-06-17 09:46:09','2018-06-17 09:46:09',NULL),(397,0,1,'Test374','397','397','$1',1,'2018-06-17 09:46:09','2018-06-17 09:46:09',NULL),(398,0,1,'Test375','398','398','$2',1,'2018-06-17 09:46:09','2018-06-17 09:46:09',NULL),(399,0,1,'Test376','399','399','$3',1,'2018-06-17 09:46:09','2018-06-17 09:46:09',NULL),(400,0,1,'Test377','400','400','$4',1,'2018-06-17 09:46:09','2018-06-17 09:46:09',NULL),(401,0,1,'Test378','401','401','$5',1,'2018-06-17 09:46:09','2018-06-17 09:46:09',NULL),(402,0,1,'Test379','402','402','$6',1,'2018-06-17 09:46:09','2018-06-17 09:46:09',NULL),(403,0,1,'Test380','403','403','$7',1,'2018-06-17 09:46:09','2018-06-17 09:46:09',NULL),(404,0,1,'Test381','404','404','$8',1,'2018-06-17 09:46:09','2018-06-17 09:46:09',NULL),(405,0,1,'Test382','405','405','$9',1,'2018-06-17 09:46:09','2018-06-17 09:46:09',NULL),(406,0,1,'Test383','406','406','$:',1,'2018-06-17 09:46:09','2018-06-17 09:46:09',NULL),(407,0,1,'Test384','407','407','$;',1,'2018-06-17 09:46:09','2018-06-17 09:46:09',NULL),(408,0,1,'Test385','408','408','$<',1,'2018-06-17 09:46:09','2018-06-17 09:46:09',NULL),(409,0,1,'Test386','409','409','$=',1,'2018-06-17 09:46:09','2018-06-17 09:46:09',NULL),(410,0,1,'Test387','410','410','$>',1,'2018-06-17 09:46:09','2018-06-17 09:46:09',NULL),(411,0,1,'Test388','411','411','$?',1,'2018-06-17 09:46:09','2018-06-17 09:46:09',NULL),(412,0,1,'Test389','412','412','$@',1,'2018-06-17 09:46:09','2018-06-17 09:46:09',NULL),(413,0,1,'Test390','413','413','$A',1,'2018-06-17 09:46:09','2018-06-17 09:46:09',NULL),(414,0,1,'Test391','414','414','$B',1,'2018-06-17 09:46:09','2018-06-17 09:46:09',NULL),(415,0,1,'Test392','415','415','$C',1,'2018-06-17 09:46:09','2018-06-17 09:46:09',NULL),(416,0,1,'Test393','416','416','$D',1,'2018-06-17 09:46:09','2018-06-17 09:46:09',NULL),(417,0,1,'Test394','417','417','$E',1,'2018-06-17 09:46:10','2018-06-17 09:46:10',NULL),(418,0,1,'Test395','418','418','$F',1,'2018-06-17 09:46:10','2018-06-17 09:46:10',NULL),(419,0,1,'Test396','419','419','$G',1,'2018-06-17 09:46:10','2018-06-17 09:46:10',NULL),(420,0,1,'Test397','420','420','$H',1,'2018-06-17 09:46:10','2018-06-17 09:46:10',NULL),(421,0,1,'Test398','421','421','$I',1,'2018-06-17 09:46:10','2018-06-17 09:46:10',NULL),(422,0,1,'Test399','422','422','$J',1,'2018-06-17 09:46:10','2018-06-17 09:46:10',NULL),(423,0,1,'Test400','423','423','$K',1,'2018-06-17 09:46:10','2018-06-17 09:46:10',NULL),(424,0,1,'Test401','424','424','$L',1,'2018-06-17 09:46:10','2018-06-17 09:46:10',NULL),(425,0,1,'Test402','425','425','$M',1,'2018-06-17 09:46:10','2018-06-17 09:46:10',NULL),(426,0,1,'Test403','426','426','$N',1,'2018-06-17 09:46:10','2018-06-17 09:46:10',NULL),(427,0,1,'Test404','427','427','$O',1,'2018-06-17 09:46:10','2018-06-17 09:46:10',NULL),(428,0,1,'Test405','428','428','$P',1,'2018-06-17 09:46:10','2018-06-17 09:46:10',NULL),(429,0,1,'Test406','429','429','$Q',1,'2018-06-17 09:46:10','2018-06-17 09:46:10',NULL),(430,0,1,'Test407','430','430','$R',1,'2018-06-17 09:46:10','2018-06-17 09:46:10',NULL),(431,0,1,'Test408','431','431','$S',1,'2018-06-17 09:46:10','2018-06-17 09:46:10',NULL),(432,0,1,'Test409','432','432','$T',1,'2018-06-17 09:46:10','2018-06-17 09:46:10',NULL),(433,0,1,'Test410','433','433','$U',1,'2018-06-17 09:46:10','2018-06-17 09:46:10',NULL),(434,0,1,'Test411','434','434','$V',1,'2018-06-17 09:46:10','2018-06-17 09:46:10',NULL),(435,0,1,'Test412','435','435','$W',1,'2018-06-17 09:46:10','2018-06-17 09:46:10',NULL),(436,0,1,'Test413','436','436','$X',1,'2018-06-17 09:46:10','2018-06-17 09:46:10',NULL),(437,0,1,'Test414','437','437','$Y',1,'2018-06-17 09:46:10','2018-06-17 09:46:10',NULL),(438,0,1,'Test415','438','438','$Z',1,'2018-06-17 09:46:10','2018-06-17 09:46:10',NULL),(439,0,1,'Test416','439','439','$[',1,'2018-06-17 09:46:10','2018-06-17 09:46:10',NULL),(440,0,1,'Test417','440','440','$\\',1,'2018-06-17 09:46:10','2018-06-17 09:46:10',NULL),(441,0,1,'Test418','441','441','$]',1,'2018-06-17 09:46:10','2018-06-17 09:46:10',NULL),(442,0,1,'Test419','442','442','$^',1,'2018-06-17 09:46:10','2018-06-17 09:46:10',NULL),(443,0,1,'Test420','443','443','$_',1,'2018-06-17 09:46:10','2018-06-17 09:46:10',NULL),(444,0,1,'Test421','444','444','$`',1,'2018-06-17 09:46:10','2018-06-17 09:46:10',NULL),(445,0,1,'Test422','445','445','$a',1,'2018-06-17 09:46:10','2018-06-17 09:46:10',NULL),(446,0,1,'Test423','446','446','$b',1,'2018-06-17 09:46:10','2018-06-17 09:46:10',NULL),(447,0,1,'Test424','447','447','$c',1,'2018-06-17 09:46:10','2018-06-17 09:46:10',NULL),(448,0,1,'Test425','448','448','$d',1,'2018-06-17 09:46:10','2018-06-17 09:46:10',NULL),(449,0,1,'Test426','449','449','$e',1,'2018-06-17 09:46:10','2018-06-17 09:46:10',NULL),(450,0,1,'Test427','450','450','$f',1,'2018-06-17 09:46:10','2018-06-17 09:46:10',NULL),(451,0,1,'Test428','451','451','$g',1,'2018-06-17 09:46:10','2018-06-17 09:46:10',NULL),(452,0,1,'Test429','452','452','$h',1,'2018-06-17 09:46:10','2018-06-17 09:46:10',NULL),(453,0,1,'Test430','453','453','$i',1,'2018-06-17 09:46:10','2018-06-17 09:46:10',NULL),(454,0,1,'Test431','454','454','$j',1,'2018-06-17 09:46:10','2018-06-17 09:46:10',NULL),(455,0,1,'Test432','455','455','$k',1,'2018-06-17 09:46:10','2018-06-17 09:46:10',NULL),(456,0,1,'Test433','456','456','$l',1,'2018-06-17 09:46:10','2018-06-17 09:46:10',NULL),(457,0,1,'Test434','457','457','$m',1,'2018-06-17 09:46:10','2018-06-17 09:46:10',NULL),(458,0,1,'Test435','458','458','$n',1,'2018-06-17 09:46:10','2018-06-17 09:46:10',NULL),(459,0,1,'Test436','459','459','$o',1,'2018-06-17 09:46:10','2018-06-17 09:46:10',NULL),(460,0,1,'Test437','460','460','$p',1,'2018-06-17 09:46:10','2018-06-17 09:46:10',NULL),(461,0,1,'Test438','461','461','$q',1,'2018-06-17 09:46:10','2018-06-17 09:46:10',NULL),(462,0,1,'Test439','462','462','$r',1,'2018-06-17 09:46:10','2018-06-17 09:46:10',NULL),(463,0,1,'Test440','463','463','$s',1,'2018-06-17 09:46:10','2018-06-17 09:46:10',NULL),(464,0,1,'Test441','464','464','$t',1,'2018-06-17 09:46:10','2018-06-17 09:46:10',NULL),(465,0,1,'Test442','465','465','$u',1,'2018-06-17 09:46:10','2018-06-17 09:46:10',NULL),(466,0,1,'Test443','466','466','$v',1,'2018-06-17 09:46:10','2018-06-17 09:46:10',NULL),(467,0,1,'Test444','467','467','$w',1,'2018-06-17 09:46:10','2018-06-17 09:46:10',NULL),(468,0,1,'Test445','468','468','$x',1,'2018-06-17 09:46:10','2018-06-17 09:46:10',NULL),(469,0,1,'Test446','469','469','$y',1,'2018-06-17 09:46:10','2018-06-17 09:46:10',NULL),(470,0,1,'Test447','470','470','$z',1,'2018-06-17 09:46:10','2018-06-17 09:46:10',NULL),(471,0,1,'Test448','471','471','${',1,'2018-06-17 09:46:10','2018-06-17 09:46:10',NULL),(472,0,1,'Test449','472','472','$|',1,'2018-06-17 09:46:10','2018-06-17 09:46:10',NULL),(473,0,1,'Test450','473','473','$}',1,'2018-06-17 09:46:10','2018-06-17 09:46:10',NULL),(474,0,1,'Test451','474','474','$~',1,'2018-06-17 09:46:10','2018-06-17 09:46:10',NULL),(475,0,1,'Test452','475','475','% ',1,'2018-06-17 09:46:10','2018-06-17 09:46:10',NULL),(476,0,1,'Test453','476','476','%!',1,'2018-06-17 09:46:10','2018-06-17 09:46:10',NULL),(477,0,1,'Test454','477','477','%\"',1,'2018-06-17 09:46:10','2018-06-17 09:46:10',NULL),(478,0,1,'Test455','478','478','%#',1,'2018-06-17 09:46:10','2018-06-17 09:46:10',NULL),(479,0,1,'Test456','479','479','%$',1,'2018-06-17 09:46:10','2018-06-17 09:46:10',NULL),(480,0,1,'Test457','480','480','%%',1,'2018-06-17 09:46:10','2018-06-17 09:46:10',NULL),(481,0,1,'Test458','481','481','%&',1,'2018-06-17 09:46:10','2018-06-17 09:46:10',NULL),(482,0,1,'Test459','482','482','%\'',1,'2018-06-17 09:46:10','2018-06-17 09:46:10',NULL),(483,0,1,'Test460','483','483','%(',1,'2018-06-17 09:46:10','2018-06-17 09:46:10',NULL),(484,0,1,'Test461','484','484','%)',1,'2018-06-17 09:46:10','2018-06-17 09:46:10',NULL),(485,0,1,'Test462','485','485','%*',1,'2018-06-17 09:46:10','2018-06-17 09:46:10',NULL),(486,0,1,'Test463','486','486','%+',1,'2018-06-17 09:46:10','2018-06-17 09:46:10',NULL),(487,0,1,'Test464','487','487','%,',1,'2018-06-17 09:46:10','2018-06-17 09:46:10',NULL),(488,0,1,'Test465','488','488','%-',1,'2018-06-17 09:46:10','2018-06-17 09:46:10',NULL),(489,0,1,'Test466','489','489','%.',1,'2018-06-17 09:46:10','2018-06-17 09:46:10',NULL),(490,0,1,'Test467','490','490','%/',1,'2018-06-17 09:46:10','2018-06-17 09:46:10',NULL),(491,0,1,'Test468','491','491','%0',1,'2018-06-17 09:46:10','2018-06-17 09:46:10',NULL),(492,0,1,'Test469','492','492','%1',1,'2018-06-17 09:46:10','2018-06-17 09:46:10',NULL),(493,0,1,'Test470','493','493','%2',1,'2018-06-17 09:46:10','2018-06-17 09:46:10',NULL),(494,0,1,'Test471','494','494','%3',1,'2018-06-17 09:46:10','2018-06-17 09:46:10',NULL),(495,0,1,'Test472','495','495','%4',1,'2018-06-17 09:46:10','2018-06-17 09:46:10',NULL),(496,0,1,'Test473','496','496','%5',1,'2018-06-17 09:46:10','2018-06-17 09:46:10',NULL),(497,0,1,'Test474','497','497','%6',1,'2018-06-17 09:46:10','2018-06-17 09:46:10',NULL),(498,0,1,'Test475','498','498','%7',1,'2018-06-17 09:46:10','2018-06-17 09:46:10',NULL),(499,0,1,'Test476','499','499','%8',1,'2018-06-17 09:46:10','2018-06-17 09:46:10',NULL),(500,0,1,'Test477','500','500','%9',1,'2018-06-17 09:46:10','2018-06-17 09:46:10',NULL),(501,0,1,'Test478','501','501','%:',1,'2018-06-17 09:46:10','2018-06-17 09:46:10',NULL),(502,0,1,'Test479','502','502','%;',1,'2018-06-17 09:46:10','2018-06-17 09:46:10',NULL),(503,0,1,'Test480','503','503','%<',1,'2018-06-17 09:46:10','2018-06-17 09:46:10',NULL),(504,0,1,'Test481','504','504','%=',1,'2018-06-17 09:46:10','2018-06-17 09:46:10',NULL),(505,0,1,'Test482','505','505','%>',1,'2018-06-17 09:46:10','2018-06-17 09:46:10',NULL),(506,0,1,'Test483','506','506','%?',1,'2018-06-17 09:46:10','2018-06-17 09:46:10',NULL),(507,0,1,'Test484','507','507','%@',1,'2018-06-17 09:46:10','2018-06-17 09:46:10',NULL),(508,0,1,'Test485','508','508','%A',1,'2018-06-17 09:46:10','2018-06-17 09:46:10',NULL),(509,0,1,'Test486','509','509','%B',1,'2018-06-17 09:46:10','2018-06-17 09:46:10',NULL),(510,0,1,'Test487','510','510','%C',1,'2018-06-17 09:46:10','2018-06-17 09:46:10',NULL),(511,0,1,'Test488','511','511','%D',1,'2018-06-17 09:46:10','2018-06-17 09:46:10',NULL),(512,0,1,'Test489','512','512','%E',1,'2018-06-17 09:46:10','2018-06-17 09:46:10',NULL),(513,0,1,'Test490','513','513','%F',1,'2018-06-17 09:46:10','2018-06-17 09:46:10',NULL),(514,0,1,'Test491','514','514','%G',1,'2018-06-17 09:46:10','2018-06-17 09:46:10',NULL),(515,0,1,'Test492','515','515','%H',1,'2018-06-17 09:46:10','2018-06-17 09:46:10',NULL),(516,0,1,'Test493','516','516','%I',1,'2018-06-17 09:46:10','2018-06-17 09:46:10',NULL),(517,0,1,'Test494','517','517','%J',1,'2018-06-17 09:46:10','2018-06-17 09:46:10',NULL),(518,0,1,'Test495','518','518','%K',1,'2018-06-17 09:46:10','2018-06-17 09:46:10',NULL),(519,0,1,'Test496','519','519','%L',1,'2018-06-17 09:46:10','2018-06-17 09:46:10',NULL),(520,0,1,'Test497','520','520','%M',1,'2018-06-17 09:46:10','2018-06-17 09:46:10',NULL),(521,0,1,'Test498','521','521','%N',1,'2018-06-17 09:46:10','2018-06-17 09:46:10',NULL),(522,0,1,'Test499','522','522','%O',1,'2018-06-17 09:46:10','2018-06-17 09:46:10',NULL),(523,0,1,'Test500','523','523','%P',1,'2018-06-17 09:46:10','2018-06-17 09:46:10',NULL),(524,0,1,'Test501','524','524','%Q',1,'2018-06-17 09:46:10','2018-06-17 09:46:10',NULL),(525,0,1,'Test502','525','525','%R',1,'2018-06-17 09:46:10','2018-06-17 09:46:10',NULL),(526,0,1,'Test503','526','526','%S',1,'2018-06-17 09:46:10','2018-06-17 09:46:10',NULL),(527,0,1,'Test504','527','527','%T',1,'2018-06-17 09:46:10','2018-06-17 09:46:10',NULL),(528,0,1,'Test505','528','528','%U',1,'2018-06-17 09:46:10','2018-06-17 09:46:10',NULL),(529,0,1,'Test506','529','529','%V',1,'2018-06-17 09:46:10','2018-06-17 09:46:10',NULL),(530,0,1,'Test507','530','530','%W',1,'2018-06-17 09:46:10','2018-06-17 09:46:10',NULL),(531,0,1,'Test508','531','531','%X',1,'2018-06-17 09:46:10','2018-06-17 09:46:10',NULL),(532,0,1,'Test509','532','532','%Y',1,'2018-06-17 09:46:10','2018-06-17 09:46:10',NULL),(533,0,1,'Test510','533','533','%Z',1,'2018-06-17 09:46:10','2018-06-17 09:46:10',NULL),(534,0,1,'Test511','534','534','%[',1,'2018-06-17 09:46:11','2018-06-17 09:46:11',NULL),(535,0,1,'Test512','535','535','%\\',1,'2018-06-17 09:46:11','2018-06-17 09:46:11',NULL),(536,0,1,'Test513','536','536','%]',1,'2018-06-17 09:46:11','2018-06-17 09:46:11',NULL),(537,0,1,'Test514','537','537','%^',1,'2018-06-17 09:46:11','2018-06-17 09:46:11',NULL),(538,0,1,'Test515','538','538','%_',1,'2018-06-17 09:46:11','2018-06-17 09:46:11',NULL),(539,0,1,'Test516','539','539','%`',1,'2018-06-17 09:46:11','2018-06-17 09:46:11',NULL),(540,0,1,'Test517','540','540','%a',1,'2018-06-17 09:46:11','2018-06-17 09:46:11',NULL),(541,0,1,'Test518','541','541','%b',1,'2018-06-17 09:46:11','2018-06-17 09:46:11',NULL),(542,0,1,'Test519','542','542','%c',1,'2018-06-17 09:46:11','2018-06-17 09:46:11',NULL),(543,0,1,'Test520','543','543','%d',1,'2018-06-17 09:46:11','2018-06-17 09:46:11',NULL),(544,0,1,'Test521','544','544','%e',1,'2018-06-17 09:46:11','2018-06-17 09:46:11',NULL),(545,0,1,'Test522','545','545','%f',1,'2018-06-17 09:46:11','2018-06-17 09:46:11',NULL),(546,0,1,'Test523','546','546','%g',1,'2018-06-17 09:46:11','2018-06-17 09:46:11',NULL),(547,0,1,'Test524','547','547','%h',1,'2018-06-17 09:46:11','2018-06-17 09:46:11',NULL),(548,0,1,'Test525','548','548','%i',1,'2018-06-17 09:46:11','2018-06-17 09:46:11',NULL),(549,0,1,'Test526','549','549','%j',1,'2018-06-17 09:46:11','2018-06-17 09:46:11',NULL),(550,0,1,'Test527','550','550','%k',1,'2018-06-17 09:46:11','2018-06-17 09:46:11',NULL),(551,0,1,'Test528','551','551','%l',1,'2018-06-17 09:46:11','2018-06-17 09:46:11',NULL),(552,0,1,'Test529','552','552','%m',1,'2018-06-17 09:46:11','2018-06-17 09:46:11',NULL),(553,0,1,'Test530','553','553','%n',1,'2018-06-17 09:46:11','2018-06-17 09:46:11',NULL),(554,0,1,'Test531','554','554','%o',1,'2018-06-17 09:46:11','2018-06-17 09:46:11',NULL),(555,0,1,'Test532','555','555','%p',1,'2018-06-17 09:46:11','2018-06-17 09:46:11',NULL),(556,0,1,'Test533','556','556','%q',1,'2018-06-17 09:46:11','2018-06-17 09:46:11',NULL),(557,0,1,'Test534','557','557','%r',1,'2018-06-17 09:46:11','2018-06-17 09:46:11',NULL),(558,0,1,'Test535','558','558','%s',1,'2018-06-17 09:46:11','2018-06-17 09:46:11',NULL),(559,0,1,'Test536','559','559','%t',1,'2018-06-17 09:46:11','2018-06-17 09:46:11',NULL),(560,0,1,'Test537','560','560','%u',1,'2018-06-17 09:46:11','2018-06-17 09:46:11',NULL),(561,0,1,'Test538','561','561','%v',1,'2018-06-17 09:46:11','2018-06-17 09:46:11',NULL),(562,0,1,'Test539','562','562','%w',1,'2018-06-17 09:46:11','2018-06-17 09:46:11',NULL),(563,0,1,'Test540','563','563','%x',1,'2018-06-17 09:46:11','2018-06-17 09:46:11',NULL),(564,0,1,'Test541','564','564','%y',1,'2018-06-17 09:46:11','2018-06-17 09:46:11',NULL),(565,0,1,'Test542','565','565','%z',1,'2018-06-17 09:46:11','2018-06-17 09:46:11',NULL),(566,0,1,'Test543','566','566','%{',1,'2018-06-17 09:46:11','2018-06-17 09:46:11',NULL),(567,0,1,'Test544','567','567','%|',1,'2018-06-17 09:46:11','2018-06-17 09:46:11',NULL),(568,0,1,'Test545','568','568','%}',1,'2018-06-17 09:46:11','2018-06-17 09:46:11',NULL),(569,0,1,'Test546','569','569','%~',1,'2018-06-17 09:46:11','2018-06-17 09:46:11',NULL),(570,0,1,'Test547','570','570','& ',1,'2018-06-17 09:46:11','2018-06-17 09:46:11',NULL),(571,0,1,'Test548','571','571','&!',1,'2018-06-17 09:46:11','2018-06-17 09:46:11',NULL),(572,0,1,'Test549','572','572','&\"',1,'2018-06-17 09:46:11','2018-06-17 09:46:11',NULL),(573,0,1,'Test550','573','573','&#',1,'2018-06-17 09:46:11','2018-06-17 09:46:11',NULL),(574,0,1,'Test551','574','574','&$',1,'2018-06-17 09:46:11','2018-06-17 09:46:11',NULL),(575,0,1,'Test552','575','575','&%',1,'2018-06-17 09:46:11','2018-06-17 09:46:11',NULL),(576,0,1,'Test553','576','576','&&',1,'2018-06-17 09:46:11','2018-06-17 09:46:11',NULL),(577,0,1,'Test554','577','577','&\'',1,'2018-06-17 09:46:11','2018-06-17 09:46:11',NULL),(578,0,1,'Test555','578','578','&(',1,'2018-06-17 09:46:11','2018-06-17 09:46:11',NULL),(579,0,1,'Test556','579','579','&)',1,'2018-06-17 09:46:11','2018-06-17 09:46:11',NULL),(580,0,1,'Test557','580','580','&*',1,'2018-06-17 09:46:11','2018-06-17 09:46:11',NULL),(581,0,1,'Test558','581','581','&+',1,'2018-06-17 09:46:11','2018-06-17 09:46:11',NULL),(582,0,1,'Test559','582','582','&,',1,'2018-06-17 09:46:11','2018-06-17 09:46:11',NULL),(583,0,1,'Test560','583','583','&-',1,'2018-06-17 09:46:11','2018-06-17 09:46:11',NULL),(584,0,1,'Test561','584','584','&.',1,'2018-06-17 09:46:11','2018-06-17 09:46:11',NULL),(585,0,1,'Test562','585','585','&/',1,'2018-06-17 09:46:11','2018-06-17 09:46:11',NULL),(586,0,1,'Test563','586','586','&0',1,'2018-06-17 09:46:11','2018-06-17 09:46:11',NULL),(587,0,1,'Test564','587','587','&1',1,'2018-06-17 09:46:11','2018-06-17 09:46:11',NULL),(588,0,1,'Test565','588','588','&2',1,'2018-06-17 09:46:11','2018-06-17 09:46:11',NULL),(589,0,1,'Test566','589','589','&3',1,'2018-06-17 09:46:11','2018-06-17 09:46:11',NULL),(590,0,1,'Test567','590','590','&4',1,'2018-06-17 09:46:11','2018-06-17 09:46:11',NULL),(591,0,1,'Test568','591','591','&5',1,'2018-06-17 09:46:11','2018-06-17 09:46:11',NULL),(592,0,1,'Test569','592','592','&6',1,'2018-06-17 09:46:11','2018-06-17 09:46:11',NULL),(593,0,1,'Test570','593','593','&7',1,'2018-06-17 09:46:11','2018-06-17 09:46:11',NULL),(594,0,1,'Test571','594','594','&8',1,'2018-06-17 09:46:11','2018-06-17 09:46:11',NULL),(595,0,1,'Test572','595','595','&9',1,'2018-06-17 09:46:11','2018-06-17 09:46:11',NULL),(596,0,1,'Test573','596','596','&:',1,'2018-06-17 09:46:11','2018-06-17 09:46:11',NULL),(597,0,1,'Test574','597','597','&;',1,'2018-06-17 09:46:11','2018-06-17 09:46:11',NULL),(598,0,1,'Test575','598','598','&<',1,'2018-06-17 09:46:11','2018-06-17 09:46:11',NULL),(599,0,1,'Test576','599','599','&=',1,'2018-06-17 09:46:11','2018-06-17 09:46:11',NULL),(600,0,1,'Test577','600','600','&>',1,'2018-06-17 09:46:11','2018-06-17 09:46:11',NULL),(601,0,1,'Test578','601','601','&?',1,'2018-06-17 09:46:11','2018-06-17 09:46:11',NULL),(602,0,1,'Test579','602','602','&@',1,'2018-06-17 09:46:11','2018-06-17 09:46:11',NULL),(603,0,1,'Test580','603','603','&A',1,'2018-06-17 09:46:11','2018-06-17 09:46:11',NULL),(604,0,1,'Test581','604','604','&B',1,'2018-06-17 09:46:11','2018-06-17 09:46:11',NULL),(605,0,1,'Test582','605','605','&C',1,'2018-06-17 09:46:11','2018-06-17 09:46:11',NULL),(606,0,1,'Test583','606','606','&D',1,'2018-06-17 09:46:11','2018-06-17 09:46:11',NULL),(607,0,1,'Test584','607','607','&E',1,'2018-06-17 09:46:11','2018-06-17 09:46:11',NULL),(608,0,1,'Test585','608','608','&F',1,'2018-06-17 09:46:11','2018-06-17 09:46:11',NULL),(609,0,1,'Test586','609','609','&G',1,'2018-06-17 09:46:11','2018-06-17 09:46:11',NULL),(610,0,1,'Test587','610','610','&H',1,'2018-06-17 09:46:11','2018-06-17 09:46:11',NULL),(611,0,1,'Test588','611','611','&I',1,'2018-06-17 09:46:11','2018-06-17 09:46:11',NULL),(612,0,1,'Test589','612','612','&J',1,'2018-06-17 09:46:11','2018-06-17 09:46:11',NULL),(613,0,1,'Test590','613','613','&K',1,'2018-06-17 09:46:11','2018-06-17 09:46:11',NULL),(614,0,1,'Test591','614','614','&L',1,'2018-06-17 09:46:11','2018-06-17 09:46:11',NULL),(615,0,1,'Test592','615','615','&M',1,'2018-06-17 09:46:11','2018-06-17 09:46:11',NULL),(616,0,1,'Test593','616','616','&N',1,'2018-06-17 09:46:11','2018-06-17 09:46:11',NULL),(617,0,1,'Test594','617','617','&O',1,'2018-06-17 09:46:11','2018-06-17 09:46:11',NULL),(618,0,1,'Test595','618','618','&P',1,'2018-06-17 09:46:11','2018-06-17 09:46:11',NULL),(619,0,1,'Test596','619','619','&Q',1,'2018-06-17 09:46:11','2018-06-17 09:46:11',NULL),(620,0,1,'Test597','620','620','&R',1,'2018-06-17 09:46:11','2018-06-17 09:46:11',NULL),(621,0,1,'Test598','621','621','&S',1,'2018-06-17 09:46:11','2018-06-17 09:46:11',NULL),(622,0,1,'Test599','622','622','&T',1,'2018-06-17 09:46:11','2018-06-17 09:46:11',NULL),(623,0,1,'Test600','623','623','&U',1,'2018-06-17 09:46:11','2018-06-17 09:46:11',NULL),(624,0,1,'Test601','624','624','&V',1,'2018-06-17 09:46:11','2018-06-17 09:46:11',NULL),(625,0,1,'Test602','625','625','&W',1,'2018-06-17 09:46:11','2018-06-17 09:46:11',NULL),(626,0,1,'Test603','626','626','&X',1,'2018-06-17 09:46:11','2018-06-17 09:46:11',NULL),(627,0,1,'Test604','627','627','&Y',1,'2018-06-17 09:46:11','2018-06-17 09:46:11',NULL),(628,0,1,'Test605','628','628','&Z',1,'2018-06-17 09:46:11','2018-06-17 09:46:11',NULL),(629,0,1,'Test606','629','629','&[',1,'2018-06-17 09:46:11','2018-06-17 09:46:11',NULL),(630,0,1,'Test607','630','630','&\\',1,'2018-06-17 09:46:11','2018-06-17 09:46:11',NULL),(631,0,1,'Test608','631','631','&]',1,'2018-06-17 09:46:11','2018-06-17 09:46:11',NULL),(632,0,1,'Test609','632','632','&^',1,'2018-06-17 09:46:11','2018-06-17 09:46:11',NULL),(633,0,1,'Test610','633','633','&_',1,'2018-06-17 09:46:11','2018-06-17 09:46:11',NULL),(634,0,1,'Test611','634','634','&`',1,'2018-06-17 09:46:11','2018-06-17 09:46:11',NULL),(635,0,1,'Test612','635','635','&a',1,'2018-06-17 09:46:11','2018-06-17 09:46:11',NULL),(636,0,1,'Test613','636','636','&b',1,'2018-06-17 09:46:11','2018-06-17 09:46:11',NULL),(637,0,1,'Test614','637','637','&c',1,'2018-06-17 09:46:11','2018-06-17 09:46:11',NULL),(638,0,1,'Test615','638','638','&d',1,'2018-06-17 09:46:11','2018-06-17 09:46:11',NULL),(639,0,1,'Test616','639','639','&e',1,'2018-06-17 09:46:11','2018-06-17 09:46:11',NULL),(640,0,1,'Test617','640','640','&f',1,'2018-06-17 09:46:11','2018-06-17 09:46:11',NULL),(641,0,1,'Test618','641','641','&g',1,'2018-06-17 09:46:11','2018-06-17 09:46:11',NULL),(642,0,1,'Test619','642','642','&h',1,'2018-06-17 09:46:11','2018-06-17 09:46:11',NULL),(643,0,1,'Test620','643','643','&i',1,'2018-06-17 09:46:11','2018-06-17 09:46:11',NULL),(644,0,1,'Test621','644','644','&j',1,'2018-06-17 09:46:11','2018-06-17 09:46:11',NULL),(645,0,1,'Test622','645','645','&k',1,'2018-06-17 09:46:12','2018-06-17 09:46:12',NULL),(646,0,1,'Test623','646','646','&l',1,'2018-06-17 09:46:12','2018-06-17 09:46:12',NULL),(647,0,1,'Test624','647','647','&m',1,'2018-06-17 09:46:12','2018-06-17 09:46:12',NULL),(648,0,1,'Test625','648','648','&n',1,'2018-06-17 09:46:12','2018-06-17 09:46:12',NULL),(649,0,1,'Test626','649','649','&o',1,'2018-06-17 09:46:12','2018-06-17 09:46:12',NULL),(650,0,1,'Test627','650','650','&p',1,'2018-06-17 09:46:12','2018-06-17 09:46:12',NULL),(651,0,1,'Test628','651','651','&q',1,'2018-06-17 09:46:12','2018-06-17 09:46:12',NULL),(652,0,1,'Test629','652','652','&r',1,'2018-06-17 09:46:12','2018-06-17 09:46:12',NULL),(653,0,1,'Test630','653','653','&s',1,'2018-06-17 09:46:12','2018-06-17 09:46:12',NULL),(654,0,1,'Test631','654','654','&t',1,'2018-06-17 09:46:12','2018-06-17 09:46:12',NULL),(655,0,1,'Test632','655','655','&u',1,'2018-06-17 09:46:12','2018-06-17 09:46:12',NULL),(656,0,1,'Test633','656','656','&v',1,'2018-06-17 09:46:12','2018-06-17 09:46:12',NULL),(657,0,1,'Test634','657','657','&w',1,'2018-06-17 09:46:12','2018-06-17 09:46:12',NULL),(658,0,1,'Test635','658','658','&x',1,'2018-06-17 09:46:12','2018-06-17 09:46:12',NULL),(659,0,1,'Test636','659','659','&y',1,'2018-06-17 09:46:12','2018-06-17 09:46:12',NULL),(660,0,1,'Test637','660','660','&z',1,'2018-06-17 09:46:12','2018-06-17 09:46:12',NULL),(661,0,1,'Test638','661','661','&{',1,'2018-06-17 09:46:12','2018-06-17 09:46:12',NULL),(662,0,1,'Test639','662','662','&|',1,'2018-06-17 09:46:12','2018-06-17 09:46:12',NULL),(663,0,1,'Test640','663','663','&}',1,'2018-06-17 09:46:12','2018-06-17 09:46:12',NULL),(664,0,1,'Test641','664','664','&~',1,'2018-06-17 09:46:12','2018-06-17 09:46:12',NULL),(665,0,1,'Test642','665','665','\' ',1,'2018-06-17 09:46:12','2018-06-17 09:46:12',NULL),(666,0,1,'Test643','666','666','\'!',1,'2018-06-17 09:46:12','2018-06-17 09:46:12',NULL),(667,0,1,'Test644','667','667','\'\"',1,'2018-06-17 09:46:12','2018-06-17 09:46:12',NULL),(668,0,1,'Test645','668','668','\'#',1,'2018-06-17 09:46:12','2018-06-17 09:46:12',NULL),(669,0,1,'Test646','669','669','\'$',1,'2018-06-17 09:46:12','2018-06-17 09:46:12',NULL),(670,0,1,'Test647','670','670','\'%',1,'2018-06-17 09:46:12','2018-06-17 09:46:12',NULL),(671,0,1,'Test648','671','671','\'&',1,'2018-06-17 09:46:12','2018-06-17 09:46:12',NULL),(672,0,1,'Test649','672','672','\'\'',1,'2018-06-17 09:46:12','2018-06-17 09:46:12',NULL),(673,0,1,'Test650','673','673','\'(',1,'2018-06-17 09:46:12','2018-06-17 09:46:12',NULL),(674,0,1,'Test651','674','674','\')',1,'2018-06-17 09:46:12','2018-06-17 09:46:12',NULL),(675,0,1,'Test652','675','675','\'*',1,'2018-06-17 09:46:12','2018-06-17 09:46:12',NULL),(676,0,1,'Test653','676','676','\'+',1,'2018-06-17 09:46:12','2018-06-17 09:46:12',NULL),(677,0,1,'Test654','677','677','\',',1,'2018-06-17 09:46:12','2018-06-17 09:46:12',NULL),(678,0,1,'Test655','678','678','\'-',1,'2018-06-17 09:46:12','2018-06-17 09:46:12',NULL),(679,0,1,'Test656','679','679','\'.',1,'2018-06-17 09:46:12','2018-06-17 09:46:12',NULL),(680,0,1,'Test657','680','680','\'/',1,'2018-06-17 09:46:12','2018-06-17 09:46:12',NULL),(681,0,1,'Test658','681','681','\'0',1,'2018-06-17 09:46:12','2018-06-17 09:46:12',NULL),(682,0,1,'Test659','682','682','\'1',1,'2018-06-17 09:46:12','2018-06-17 09:46:12',NULL),(683,0,1,'Test660','683','683','\'2',1,'2018-06-17 09:46:12','2018-06-17 09:46:12',NULL),(684,0,1,'Test661','684','684','\'3',1,'2018-06-17 09:46:12','2018-06-17 09:46:12',NULL),(685,0,1,'Test662','685','685','\'4',1,'2018-06-17 09:46:12','2018-06-17 09:46:12',NULL),(686,0,1,'Test663','686','686','\'5',1,'2018-06-17 09:46:12','2018-06-17 09:46:12',NULL),(687,0,1,'Test664','687','687','\'6',1,'2018-06-17 09:46:12','2018-06-17 09:46:12',NULL),(688,0,1,'Test665','688','688','\'7',1,'2018-06-17 09:46:12','2018-06-17 09:46:12',NULL),(689,0,1,'Test666','689','689','\'8',1,'2018-06-17 09:46:12','2018-06-17 09:46:12',NULL),(690,0,1,'Test667','690','690','\'9',1,'2018-06-17 09:46:12','2018-06-17 09:46:12',NULL),(691,0,1,'Test668','691','691','\':',1,'2018-06-17 09:46:12','2018-06-17 09:46:12',NULL),(692,0,1,'Test669','692','692','\';',1,'2018-06-17 09:46:12','2018-06-17 09:46:12',NULL),(693,0,1,'Test670','693','693','\'<',1,'2018-06-17 09:46:12','2018-06-17 09:46:12',NULL),(694,0,1,'Test671','694','694','\'=',1,'2018-06-17 09:46:12','2018-06-17 09:46:12',NULL),(695,0,1,'Test672','695','695','\'>',1,'2018-06-17 09:46:12','2018-06-17 09:46:12',NULL),(696,0,1,'Test673','696','696','\'?',1,'2018-06-17 09:46:12','2018-06-17 09:46:12',NULL),(697,0,1,'Test674','697','697','\'@',1,'2018-06-17 09:46:12','2018-06-17 09:46:12',NULL),(698,0,1,'Test675','698','698','\'A',1,'2018-06-17 09:46:12','2018-06-17 09:46:12',NULL),(699,0,1,'Test676','699','699','\'B',1,'2018-06-17 09:46:12','2018-06-17 09:46:12',NULL),(700,0,1,'Test677','700','700','\'C',1,'2018-06-17 09:46:12','2018-06-17 09:46:12',NULL),(701,0,1,'Test678','701','701','\'D',1,'2018-06-17 09:46:12','2018-06-17 09:46:12',NULL),(702,0,1,'Test679','702','702','\'E',1,'2018-06-17 09:46:12','2018-06-17 09:46:12',NULL),(703,0,1,'Test680','703','703','\'F',1,'2018-06-17 09:46:12','2018-06-17 09:46:12',NULL),(704,0,1,'Test681','704','704','\'G',1,'2018-06-17 09:46:12','2018-06-17 09:46:12',NULL),(705,0,1,'Test682','705','705','\'H',1,'2018-06-17 09:46:12','2018-06-17 09:46:12',NULL),(706,0,1,'Test683','706','706','\'I',1,'2018-06-17 09:46:12','2018-06-17 09:46:12',NULL),(707,0,1,'Test684','707','707','\'J',1,'2018-06-17 09:46:12','2018-06-17 09:46:12',NULL),(708,0,1,'Test685','708','708','\'K',1,'2018-06-17 09:46:12','2018-06-17 09:46:12',NULL),(709,0,1,'Test686','709','709','\'L',1,'2018-06-17 09:46:12','2018-06-17 09:46:12',NULL),(710,0,1,'Test687','710','710','\'M',1,'2018-06-17 09:46:12','2018-06-17 09:46:12',NULL),(711,0,1,'Test688','711','711','\'N',1,'2018-06-17 09:46:12','2018-06-17 09:46:12',NULL),(712,0,1,'Test689','712','712','\'O',1,'2018-06-17 09:46:12','2018-06-17 09:46:12',NULL),(713,0,1,'Test690','713','713','\'P',1,'2018-06-17 09:46:12','2018-06-17 09:46:12',NULL),(714,0,1,'Test691','714','714','\'Q',1,'2018-06-17 09:46:12','2018-06-17 09:46:12',NULL),(715,0,1,'Test692','715','715','\'R',1,'2018-06-17 09:46:12','2018-06-17 09:46:12',NULL),(716,0,1,'Test693','716','716','\'S',1,'2018-06-17 09:46:12','2018-06-17 09:46:12',NULL),(717,0,1,'Test694','717','717','\'T',1,'2018-06-17 09:46:12','2018-06-17 09:46:12',NULL),(718,0,1,'Test695','718','718','\'U',1,'2018-06-17 09:46:12','2018-06-17 09:46:12',NULL),(719,0,1,'Test696','719','719','\'V',1,'2018-06-17 09:46:12','2018-06-17 09:46:12',NULL),(720,0,1,'Test697','720','720','\'W',1,'2018-06-17 09:46:12','2018-06-17 09:46:12',NULL),(721,0,1,'Test698','721','721','\'X',1,'2018-06-17 09:46:12','2018-06-17 09:46:12',NULL),(722,0,1,'Test699','722','722','\'Y',1,'2018-06-17 09:46:12','2018-06-17 09:46:12',NULL),(723,0,1,'Test700','723','723','\'Z',1,'2018-06-17 09:46:12','2018-06-17 09:46:12',NULL),(724,0,1,'Test701','724','724','\'[',1,'2018-06-17 09:46:12','2018-06-17 09:46:12',NULL),(725,0,1,'Test702','725','725','\'\\',1,'2018-06-17 09:46:12','2018-06-17 09:46:12',NULL),(726,0,1,'Test703','726','726','\']',1,'2018-06-17 09:46:12','2018-06-17 09:46:12',NULL),(727,0,1,'Test704','727','727','\'^',1,'2018-06-17 09:46:12','2018-06-17 09:46:12',NULL),(728,0,1,'Test705','728','728','\'_',1,'2018-06-17 09:46:12','2018-06-17 09:46:12',NULL),(729,0,1,'Test706','729','729','\'`',1,'2018-06-17 09:46:12','2018-06-17 09:46:12',NULL),(730,0,1,'Test707','730','730','\'a',1,'2018-06-17 09:46:12','2018-06-17 09:46:12',NULL),(731,0,1,'Test708','731','731','\'b',1,'2018-06-17 09:46:12','2018-06-17 09:46:12',NULL),(732,0,1,'Test709','732','732','\'c',1,'2018-06-17 09:46:12','2018-06-17 09:46:12',NULL),(733,0,1,'Test710','733','733','\'d',1,'2018-06-17 09:46:12','2018-06-17 09:46:12',NULL),(734,0,1,'Test711','734','734','\'e',1,'2018-06-17 09:46:12','2018-06-17 09:46:12',NULL),(735,0,1,'Test712','735','735','\'f',1,'2018-06-17 09:46:12','2018-06-17 09:46:12',NULL),(736,0,1,'Test713','736','736','\'g',1,'2018-06-17 09:46:12','2018-06-17 09:46:12',NULL),(737,0,1,'Test714','737','737','\'h',1,'2018-06-17 09:46:12','2018-06-17 09:46:12',NULL),(738,0,1,'Test715','738','738','\'i',1,'2018-06-17 09:46:12','2018-06-17 09:46:12',NULL),(739,0,1,'Test716','739','739','\'j',1,'2018-06-17 09:46:12','2018-06-17 09:46:12',NULL),(740,0,1,'Test717','740','740','\'k',1,'2018-06-17 09:46:12','2018-06-17 09:46:12',NULL),(741,0,1,'Test718','741','741','\'l',1,'2018-06-17 09:46:12','2018-06-17 09:46:12',NULL),(742,0,1,'Test719','742','742','\'m',1,'2018-06-17 09:46:12','2018-06-17 09:46:12',NULL),(743,0,1,'Test720','743','743','\'n',1,'2018-06-17 09:46:12','2018-06-17 09:46:12',NULL),(744,0,1,'Test721','744','744','\'o',1,'2018-06-17 09:46:12','2018-06-17 09:46:12',NULL),(745,0,1,'Test722','745','745','\'p',1,'2018-06-17 09:46:12','2018-06-17 09:46:12',NULL),(746,0,1,'Test723','746','746','\'q',1,'2018-06-17 09:46:12','2018-06-17 09:46:12',NULL),(747,0,1,'Test724','747','747','\'r',1,'2018-06-17 09:46:12','2018-06-17 09:46:12',NULL),(748,0,1,'Test725','748','748','\'s',1,'2018-06-17 09:46:12','2018-06-17 09:46:12',NULL),(749,0,1,'Test726','749','749','\'t',1,'2018-06-17 09:46:12','2018-06-17 09:46:12',NULL),(750,0,1,'Test727','750','750','\'u',1,'2018-06-17 09:46:12','2018-06-17 09:46:12',NULL),(751,0,1,'Test728','751','751','\'v',1,'2018-06-17 09:46:12','2018-06-17 09:46:12',NULL),(752,0,1,'Test729','752','752','\'w',1,'2018-06-17 09:46:12','2018-06-17 09:46:12',NULL),(753,0,1,'Test730','753','753','\'x',1,'2018-06-17 09:46:12','2018-06-17 09:46:12',NULL),(754,0,1,'Test731','754','754','\'y',1,'2018-06-17 09:46:12','2018-06-17 09:46:12',NULL),(755,0,1,'Test732','755','755','\'z',1,'2018-06-17 09:46:12','2018-06-17 09:46:12',NULL),(756,0,1,'Test733','756','756','\'{',1,'2018-06-17 09:46:12','2018-06-17 09:46:12',NULL),(757,0,1,'Test734','757','757','\'|',1,'2018-06-17 09:46:12','2018-06-17 09:46:12',NULL),(758,0,1,'Test735','758','758','\'}',1,'2018-06-17 09:46:12','2018-06-17 09:46:12',NULL),(759,0,1,'Test736','759','759','\'~',1,'2018-06-17 09:46:13','2018-06-17 09:46:13',NULL),(760,0,1,'Test737','760','760','( ',1,'2018-06-17 09:46:13','2018-06-17 09:46:13',NULL),(761,0,1,'Test738','761','761','(!',1,'2018-06-17 09:46:13','2018-06-17 09:46:13',NULL),(762,0,1,'Test739','762','762','(\"',1,'2018-06-17 09:46:13','2018-06-17 09:46:13',NULL),(763,0,1,'Test740','763','763','(#',1,'2018-06-17 09:46:13','2018-06-17 09:46:13',NULL),(764,0,1,'Test741','764','764','($',1,'2018-06-17 09:46:13','2018-06-17 09:46:13',NULL),(765,0,1,'Test742','765','765','(%',1,'2018-06-17 09:46:13','2018-06-17 09:46:13',NULL),(766,0,1,'Test743','766','766','(&',1,'2018-06-17 09:46:13','2018-06-17 09:46:13',NULL),(767,0,1,'Test744','767','767','(\'',1,'2018-06-17 09:46:13','2018-06-17 09:46:13',NULL),(768,0,1,'Test745','768','768','((',1,'2018-06-17 09:46:13','2018-06-17 09:46:13',NULL),(769,0,1,'Test746','769','769','()',1,'2018-06-17 09:46:13','2018-06-17 09:46:13',NULL),(770,0,1,'Test747','770','770','(*',1,'2018-06-17 09:46:13','2018-06-17 09:46:13',NULL),(771,0,1,'Test748','771','771','(+',1,'2018-06-17 09:46:13','2018-06-17 09:46:13',NULL),(772,0,1,'Test749','772','772','(,',1,'2018-06-17 09:46:13','2018-06-17 09:46:13',NULL),(773,0,1,'Test750','773','773','(-',1,'2018-06-17 09:46:13','2018-06-17 09:46:13',NULL),(774,0,1,'Test751','774','774','(.',1,'2018-06-17 09:46:13','2018-06-17 09:46:13',NULL),(775,0,1,'Test752','775','775','(/',1,'2018-06-17 09:46:13','2018-06-17 09:46:13',NULL),(776,0,1,'Test753','776','776','(0',1,'2018-06-17 09:46:13','2018-06-17 09:46:13',NULL),(777,0,1,'Test754','777','777','(1',1,'2018-06-17 09:46:13','2018-06-17 09:46:13',NULL),(778,0,1,'Test755','778','778','(2',1,'2018-06-17 09:46:13','2018-06-17 09:46:13',NULL),(779,0,1,'Test756','779','779','(3',1,'2018-06-17 09:46:13','2018-06-17 09:46:13',NULL),(780,0,1,'Test757','780','780','(4',1,'2018-06-17 09:46:13','2018-06-17 09:46:13',NULL),(781,0,1,'Test758','781','781','(5',1,'2018-06-17 09:46:13','2018-06-17 09:46:13',NULL),(782,0,1,'Test759','782','782','(6',1,'2018-06-17 09:46:13','2018-06-17 09:46:13',NULL),(783,0,1,'Test760','783','783','(7',1,'2018-06-17 09:46:13','2018-06-17 09:46:13',NULL),(784,0,1,'Test761','784','784','(8',1,'2018-06-17 09:46:13','2018-06-17 09:46:13',NULL),(785,0,1,'Test762','785','785','(9',1,'2018-06-17 09:46:13','2018-06-17 09:46:13',NULL),(786,0,1,'Test763','786','786','(:',1,'2018-06-17 09:46:13','2018-06-17 09:46:13',NULL),(787,0,1,'Test764','787','787','(;',1,'2018-06-17 09:46:13','2018-06-17 09:46:13',NULL),(788,0,1,'Test765','788','788','(<',1,'2018-06-17 09:46:13','2018-06-17 09:46:13',NULL),(789,0,1,'Test766','789','789','(=',1,'2018-06-17 09:46:13','2018-06-17 09:46:13',NULL),(790,0,1,'Test767','790','790','(>',1,'2018-06-17 09:46:13','2018-06-17 09:46:13',NULL),(791,0,1,'Test768','791','791','(?',1,'2018-06-17 09:46:13','2018-06-17 09:46:13',NULL),(792,0,1,'Test769','792','792','(@',1,'2018-06-17 09:46:13','2018-06-17 09:46:13',NULL),(793,0,1,'Test770','793','793','(A',1,'2018-06-17 09:46:13','2018-06-17 09:46:13',NULL),(794,0,1,'Test771','794','794','(B',1,'2018-06-17 09:46:13','2018-06-17 09:46:13',NULL),(795,0,1,'Test772','795','795','(C',1,'2018-06-17 09:46:13','2018-06-17 09:46:13',NULL),(796,0,1,'Test773','796','796','(D',1,'2018-06-17 09:46:13','2018-06-17 09:46:13',NULL),(797,0,1,'Test774','797','797','(E',1,'2018-06-17 09:46:13','2018-06-17 09:46:13',NULL),(798,0,1,'Test775','798','798','(F',1,'2018-06-17 09:46:13','2018-06-17 09:46:13',NULL),(799,0,1,'Test776','799','799','(G',1,'2018-06-17 09:46:13','2018-06-17 09:46:13',NULL),(800,0,1,'Test777','800','800','(H',1,'2018-06-17 09:46:13','2018-06-17 09:46:13',NULL),(801,0,1,'Test778','801','801','(I',1,'2018-06-17 09:46:13','2018-06-17 09:46:13',NULL),(802,0,1,'Test779','802','802','(J',1,'2018-06-17 09:46:13','2018-06-17 09:46:13',NULL),(803,0,1,'Test780','803','803','(K',1,'2018-06-17 09:46:13','2018-06-17 09:46:13',NULL),(804,0,1,'Test781','804','804','(L',1,'2018-06-17 09:46:13','2018-06-17 09:46:13',NULL),(805,0,1,'Test782','805','805','(M',1,'2018-06-17 09:46:13','2018-06-17 09:46:13',NULL),(806,0,1,'Test783','806','806','(N',1,'2018-06-17 09:46:13','2018-06-17 09:46:13',NULL),(807,0,1,'Test784','807','807','(O',1,'2018-06-17 09:46:13','2018-06-17 09:46:13',NULL),(808,0,1,'Test785','808','808','(P',1,'2018-06-17 09:46:13','2018-06-17 09:46:13',NULL),(809,0,1,'Test786','809','809','(Q',1,'2018-06-17 09:46:13','2018-06-17 09:46:13',NULL),(810,0,1,'Test787','810','810','(R',1,'2018-06-17 09:46:13','2018-06-17 09:46:13',NULL),(811,0,1,'Test788','811','811','(S',1,'2018-06-17 09:46:13','2018-06-17 09:46:13',NULL),(812,0,1,'Test789','812','812','(T',1,'2018-06-17 09:46:13','2018-06-17 09:46:13',NULL),(813,0,1,'Test790','813','813','(U',1,'2018-06-17 09:46:13','2018-06-17 09:46:13',NULL),(814,0,1,'Test791','814','814','(V',1,'2018-06-17 09:46:13','2018-06-17 09:46:13',NULL),(815,0,1,'Test792','815','815','(W',1,'2018-06-17 09:46:13','2018-06-17 09:46:13',NULL),(816,0,1,'Test793','816','816','(X',1,'2018-06-17 09:46:13','2018-06-17 09:46:13',NULL),(817,0,1,'Test794','817','817','(Y',1,'2018-06-17 09:46:13','2018-06-17 09:46:13',NULL),(818,0,1,'Test795','818','818','(Z',1,'2018-06-17 09:46:13','2018-06-17 09:46:13',NULL),(819,0,1,'Test796','819','819','([',1,'2018-06-17 09:46:13','2018-06-17 09:46:13',NULL),(820,0,1,'Test797','820','820','(\\',1,'2018-06-17 09:46:13','2018-06-17 09:46:13',NULL),(821,0,1,'Test798','821','821','(]',1,'2018-06-17 09:46:13','2018-06-17 09:46:13',NULL),(822,0,1,'Test799','822','822','(^',1,'2018-06-17 09:46:13','2018-06-17 09:46:13',NULL),(823,0,1,'Test800','823','823','(_',1,'2018-06-17 09:46:13','2018-06-17 09:46:13',NULL),(824,0,1,'Test801','824','824','(`',1,'2018-06-17 09:46:13','2018-06-17 09:46:13',NULL),(825,0,1,'Test802','825','825','(a',1,'2018-06-17 09:46:13','2018-06-17 09:46:13',NULL),(826,0,1,'Test803','826','826','(b',1,'2018-06-17 09:46:13','2018-06-17 09:46:13',NULL),(827,0,1,'Test804','827','827','(c',1,'2018-06-17 09:46:13','2018-06-17 09:46:13',NULL),(828,0,1,'Test805','828','828','(d',1,'2018-06-17 09:46:13','2018-06-17 09:46:13',NULL),(829,0,1,'Test806','829','829','(e',1,'2018-06-17 09:46:13','2018-06-17 09:46:13',NULL),(830,0,1,'Test807','830','830','(f',1,'2018-06-17 09:46:13','2018-06-17 09:46:13',NULL),(831,0,1,'Test808','831','831','(g',1,'2018-06-17 09:46:13','2018-06-17 09:46:13',NULL),(832,0,1,'Test809','832','832','(h',1,'2018-06-17 09:46:13','2018-06-17 09:46:13',NULL),(833,0,1,'Test810','833','833','(i',1,'2018-06-17 09:46:13','2018-06-17 09:46:13',NULL),(834,0,1,'Test811','834','834','(j',1,'2018-06-17 09:46:13','2018-06-17 09:46:13',NULL),(835,0,1,'Test812','835','835','(k',1,'2018-06-17 09:46:13','2018-06-17 09:46:13',NULL),(836,0,1,'Test813','836','836','(l',1,'2018-06-17 09:46:13','2018-06-17 09:46:13',NULL),(837,0,1,'Test814','837','837','(m',1,'2018-06-17 09:46:13','2018-06-17 09:46:13',NULL),(838,0,1,'Test815','838','838','(n',1,'2018-06-17 09:46:13','2018-06-17 09:46:13',NULL),(839,0,1,'Test816','839','839','(o',1,'2018-06-17 09:46:13','2018-06-17 09:46:13',NULL),(840,0,1,'Test817','840','840','(p',1,'2018-06-17 09:46:13','2018-06-17 09:46:13',NULL),(841,0,1,'Test818','841','841','(q',1,'2018-06-17 09:46:13','2018-06-17 09:46:13',NULL),(842,0,1,'Test819','842','842','(r',1,'2018-06-17 09:46:13','2018-06-17 09:46:13',NULL),(843,0,1,'Test820','843','843','(s',1,'2018-06-17 09:46:13','2018-06-17 09:46:13',NULL),(844,0,1,'Test821','844','844','(t',1,'2018-06-17 09:46:13','2018-06-17 09:46:13',NULL),(845,0,1,'Test822','845','845','(u',1,'2018-06-17 09:46:13','2018-06-17 09:46:13',NULL),(846,0,1,'Test823','846','846','(v',1,'2018-06-17 09:46:13','2018-06-17 09:46:13',NULL),(847,0,1,'Test824','847','847','(w',1,'2018-06-17 09:46:13','2018-06-17 09:46:13',NULL),(848,0,1,'Test825','848','848','(x',1,'2018-06-17 09:46:13','2018-06-17 09:46:13',NULL),(849,0,1,'Test826','849','849','(y',1,'2018-06-17 09:46:13','2018-06-17 09:46:13',NULL),(850,0,1,'Test827','850','850','(z',1,'2018-06-17 09:46:13','2018-06-17 09:46:13',NULL),(851,0,1,'Test828','851','851','({',1,'2018-06-17 09:46:13','2018-06-17 09:46:13',NULL),(852,0,1,'Test829','852','852','(|',1,'2018-06-17 09:46:13','2018-06-17 09:46:13',NULL),(853,0,1,'Test830','853','853','(}',1,'2018-06-17 09:46:13','2018-06-17 09:46:13',NULL),(854,0,1,'Test831','854','854','(~',1,'2018-06-17 09:46:13','2018-06-17 09:46:13',NULL),(855,0,1,'Test832','855','855',') ',1,'2018-06-17 09:46:13','2018-06-17 09:46:13',NULL),(856,0,1,'Test833','856','856',')!',1,'2018-06-17 09:46:13','2018-06-17 09:46:13',NULL),(857,0,1,'Test834','857','857',')\"',1,'2018-06-17 09:46:13','2018-06-17 09:46:13',NULL),(858,0,1,'Test835','858','858',')#',1,'2018-06-17 09:46:13','2018-06-17 09:46:13',NULL),(859,0,1,'Test836','859','859',')$',1,'2018-06-17 09:46:13','2018-06-17 09:46:13',NULL),(860,0,1,'Test837','860','860',')%',1,'2018-06-17 09:46:13','2018-06-17 09:46:13',NULL),(861,0,1,'Test838','861','861',')&',1,'2018-06-17 09:46:13','2018-06-17 09:46:13',NULL),(862,0,1,'Test839','862','862',')\'',1,'2018-06-17 09:46:13','2018-06-17 09:46:13',NULL),(863,0,1,'Test840','863','863',')(',1,'2018-06-17 09:46:13','2018-06-17 09:46:13',NULL),(864,0,1,'Test841','864','864','))',1,'2018-06-17 09:46:13','2018-06-17 09:46:13',NULL),(865,0,1,'Test842','865','865',')*',1,'2018-06-17 09:46:13','2018-06-17 09:46:13',NULL),(866,0,1,'Test843','866','866',')+',1,'2018-06-17 09:46:13','2018-06-17 09:46:13',NULL),(867,0,1,'Test844','867','867','),',1,'2018-06-17 09:46:13','2018-06-17 09:46:14',NULL),(868,0,1,'Test845','868','868',')-',1,'2018-06-17 09:46:14','2018-06-17 09:46:14',NULL),(869,0,1,'Test846','869','869',').',1,'2018-06-17 09:46:14','2018-06-17 09:46:14',NULL),(870,0,1,'Test847','870','870',')/',1,'2018-06-17 09:46:14','2018-06-17 09:46:14',NULL),(871,0,1,'Test848','871','871',')0',1,'2018-06-17 09:46:14','2018-06-17 09:46:14',NULL),(872,0,1,'Test849','872','872',')1',1,'2018-06-17 09:46:14','2018-06-17 09:46:14',NULL),(873,0,1,'Test850','873','873',')2',1,'2018-06-17 09:46:14','2018-06-17 09:46:14',NULL),(874,0,1,'Test851','874','874',')3',1,'2018-06-17 09:46:14','2018-06-17 09:46:14',NULL),(875,0,1,'Test852','875','875',')4',1,'2018-06-17 09:46:14','2018-06-17 09:46:14',NULL),(876,0,1,'Test853','876','876',')5',1,'2018-06-17 09:46:14','2018-06-17 09:46:14',NULL),(877,0,1,'Test854','877','877',')6',1,'2018-06-17 09:46:14','2018-06-17 09:46:14',NULL),(878,0,1,'Test855','878','878',')7',1,'2018-06-17 09:46:14','2018-06-17 09:46:14',NULL),(879,0,1,'Test856','879','879',')8',1,'2018-06-17 09:46:14','2018-06-17 09:46:14',NULL),(880,0,1,'Test857','880','880',')9',1,'2018-06-17 09:46:14','2018-06-17 09:46:14',NULL),(881,0,1,'Test858','881','881','):',1,'2018-06-17 09:46:14','2018-06-17 09:46:14',NULL),(882,0,1,'Test859','882','882',');',1,'2018-06-17 09:46:14','2018-06-17 09:46:14',NULL),(883,0,1,'Test860','883','883',')<',1,'2018-06-17 09:46:14','2018-06-17 09:46:14',NULL),(884,0,1,'Test861','884','884',')=',1,'2018-06-17 09:46:14','2018-06-17 09:46:14',NULL),(885,0,1,'Test862','885','885',')>',1,'2018-06-17 09:46:14','2018-06-17 09:46:14',NULL),(886,0,1,'Test863','886','886',')?',1,'2018-06-17 09:46:14','2018-06-17 09:46:14',NULL),(887,0,1,'Test864','887','887',')@',1,'2018-06-17 09:46:14','2018-06-17 09:46:14',NULL),(888,0,1,'Test865','888','888',')A',1,'2018-06-17 09:46:14','2018-06-17 09:46:14',NULL),(889,0,1,'Test866','889','889',')B',1,'2018-06-17 09:46:14','2018-06-17 09:46:14',NULL),(890,0,1,'Test867','890','890',')C',1,'2018-06-17 09:46:14','2018-06-17 09:46:14',NULL),(891,0,1,'Test868','891','891',')D',1,'2018-06-17 09:46:14','2018-06-17 09:46:14',NULL),(892,0,1,'Test869','892','892',')E',1,'2018-06-17 09:46:14','2018-06-17 09:46:14',NULL),(893,0,1,'Test870','893','893',')F',1,'2018-06-17 09:46:14','2018-06-17 09:46:14',NULL),(894,0,1,'Test871','894','894',')G',1,'2018-06-17 09:46:14','2018-06-17 09:46:14',NULL),(895,0,1,'Test872','895','895',')H',1,'2018-06-17 09:46:14','2018-06-17 09:46:14',NULL),(896,0,1,'Test873','896','896',')I',1,'2018-06-17 09:46:14','2018-06-17 09:46:14',NULL),(897,0,1,'Test874','897','897',')J',1,'2018-06-17 09:46:14','2018-06-17 09:46:14',NULL),(898,0,1,'Test875','898','898',')K',1,'2018-06-17 09:46:14','2018-06-17 09:46:14',NULL),(899,0,1,'Test876','899','899',')L',1,'2018-06-17 09:46:14','2018-06-17 09:46:14',NULL),(900,0,1,'Test877','900','900',')M',1,'2018-06-17 09:46:14','2018-06-17 09:46:14',NULL),(901,0,1,'Test878','901','901',')N',1,'2018-06-17 09:46:14','2018-06-17 09:46:14',NULL),(902,0,1,'Test879','902','902',')O',1,'2018-06-17 09:46:14','2018-06-17 09:46:14',NULL),(903,0,1,'Test880','903','903',')P',1,'2018-06-17 09:46:14','2018-06-17 09:46:14',NULL),(904,0,1,'Test881','904','904',')Q',1,'2018-06-17 09:46:14','2018-06-17 09:46:14',NULL),(905,0,1,'Test882','905','905',')R',1,'2018-06-17 09:46:14','2018-06-17 09:46:14',NULL),(906,0,1,'Test883','906','906',')S',1,'2018-06-17 09:46:14','2018-06-17 09:46:14',NULL),(907,0,1,'Test884','907','907',')T',1,'2018-06-17 09:46:14','2018-06-17 09:46:14',NULL),(908,0,1,'Test885','908','908',')U',1,'2018-06-17 09:46:14','2018-06-17 09:46:14',NULL),(909,0,1,'Test886','909','909',')V',1,'2018-06-17 09:46:14','2018-06-17 09:46:14',NULL),(910,0,1,'Test887','910','910',')W',1,'2018-06-17 09:46:14','2018-06-17 09:46:14',NULL),(911,0,1,'Test888','911','911',')X',1,'2018-06-17 09:46:14','2018-06-17 09:46:14',NULL),(912,0,1,'Test889','912','912',')Y',1,'2018-06-17 09:46:14','2018-06-17 09:46:14',NULL),(913,0,1,'Test890','913','913',')Z',1,'2018-06-17 09:46:14','2018-06-17 09:46:14',NULL),(914,0,1,'Test891','914','914',')[',1,'2018-06-17 09:46:14','2018-06-17 09:46:14',NULL),(915,0,1,'Test892','915','915',')\\',1,'2018-06-17 09:46:14','2018-06-17 09:46:14',NULL),(916,0,1,'Test893','916','916',')]',1,'2018-06-17 09:46:14','2018-06-17 09:46:14',NULL),(917,0,1,'Test894','917','917',')^',1,'2018-06-17 09:46:14','2018-06-17 09:46:14',NULL),(918,0,1,'Test895','918','918',')_',1,'2018-06-17 09:46:14','2018-06-17 09:46:14',NULL),(919,0,1,'Test896','919','919',')`',1,'2018-06-17 09:46:14','2018-06-17 09:46:14',NULL),(920,0,1,'Test897','920','920',')a',1,'2018-06-17 09:46:14','2018-06-17 09:46:14',NULL),(921,0,1,'Test898','921','921',')b',1,'2018-06-17 09:46:14','2018-06-17 09:46:14',NULL),(922,0,1,'Test899','922','922',')c',1,'2018-06-17 09:46:14','2018-06-17 09:46:14',NULL),(923,0,1,'Test900','923','923',')d',1,'2018-06-17 09:46:14','2018-06-17 09:46:14',NULL),(924,0,1,'Test901','924','924',')e',1,'2018-06-17 09:46:14','2018-06-17 09:46:14',NULL),(925,0,1,'Test902','925','925',')f',1,'2018-06-17 09:46:14','2018-06-17 09:46:14',NULL),(926,0,1,'Test903','926','926',')g',1,'2018-06-17 09:46:14','2018-06-17 09:46:14',NULL),(927,0,1,'Test904','927','927',')h',1,'2018-06-17 09:46:14','2018-06-17 09:46:14',NULL),(928,0,1,'Test905','928','928',')i',1,'2018-06-17 09:46:14','2018-06-17 09:46:14',NULL),(929,0,1,'Test906','929','929',')j',1,'2018-06-17 09:46:14','2018-06-17 09:46:14',NULL),(930,0,1,'Test907','930','930',')k',1,'2018-06-17 09:46:14','2018-06-17 09:46:14',NULL),(931,0,1,'Test908','931','931',')l',1,'2018-06-17 09:46:14','2018-06-17 09:46:14',NULL),(932,0,1,'Test909','932','932',')m',1,'2018-06-17 09:46:14','2018-06-17 09:46:14',NULL),(933,0,1,'Test910','933','933',')n',1,'2018-06-17 09:46:14','2018-06-17 09:46:14',NULL),(934,0,1,'Test911','934','934',')o',1,'2018-06-17 09:46:14','2018-06-17 09:46:14',NULL),(935,0,1,'Test912','935','935',')p',1,'2018-06-17 09:46:14','2018-06-17 09:46:14',NULL),(936,0,1,'Test913','936','936',')q',1,'2018-06-17 09:46:14','2018-06-17 09:46:14',NULL),(937,0,1,'Test914','937','937',')r',1,'2018-06-17 09:46:14','2018-06-17 09:46:14',NULL),(938,0,1,'Test915','938','938',')s',1,'2018-06-17 09:46:14','2018-06-17 09:46:14',NULL),(939,0,1,'Test916','939','939',')t',1,'2018-06-17 09:46:14','2018-06-17 09:46:14',NULL),(940,0,1,'Test917','940','940',')u',1,'2018-06-17 09:46:14','2018-06-17 09:46:14',NULL),(941,0,1,'Test918','941','941',')v',1,'2018-06-17 09:46:14','2018-06-17 09:46:14',NULL),(942,0,1,'Test919','942','942',')w',1,'2018-06-17 09:46:14','2018-06-17 09:46:14',NULL),(943,0,1,'Test920','943','943',')x',1,'2018-06-17 09:46:14','2018-06-17 09:46:14',NULL),(944,0,1,'Test921','944','944',')y',1,'2018-06-17 09:46:14','2018-06-17 09:46:14',NULL),(945,0,1,'Test922','945','945',')z',1,'2018-06-17 09:46:14','2018-06-17 09:46:14',NULL),(946,0,1,'Test923','946','946','){',1,'2018-06-17 09:46:14','2018-06-17 09:46:14',NULL),(947,0,1,'Test924','947','947',')|',1,'2018-06-17 09:46:14','2018-06-17 09:46:14',NULL),(948,0,1,'Test925','948','948',')}',1,'2018-06-17 09:46:14','2018-06-17 09:46:14',NULL),(949,0,1,'Test926','949','949',')~',1,'2018-06-17 09:46:14','2018-06-17 09:46:14',NULL),(950,0,1,'Test927','950','950','* ',1,'2018-06-17 09:46:14','2018-06-17 09:46:14',NULL),(951,0,1,'Test928','951','951','*!',1,'2018-06-17 09:46:14','2018-06-17 09:46:14',NULL),(952,0,1,'Test929','952','952','*\"',1,'2018-06-17 09:46:14','2018-06-17 09:46:14',NULL),(953,0,1,'Test930','953','953','*#',1,'2018-06-17 09:46:14','2018-06-17 09:46:14',NULL),(954,0,1,'Test931','954','954','*$',1,'2018-06-17 09:46:14','2018-06-17 09:46:14',NULL),(955,0,1,'Test932','955','955','*%',1,'2018-06-17 09:46:14','2018-06-17 09:46:14',NULL),(956,0,1,'Test933','956','956','*&',1,'2018-06-17 09:46:14','2018-06-17 09:46:14',NULL),(957,0,1,'Test934','957','957','*\'',1,'2018-06-17 09:46:14','2018-06-17 09:46:14',NULL),(958,0,1,'Test935','958','958','*(',1,'2018-06-17 09:46:14','2018-06-17 09:46:14',NULL),(959,0,1,'Test936','959','959','*)',1,'2018-06-17 09:46:14','2018-06-17 09:46:14',NULL),(960,0,1,'Test937','960','960','**',1,'2018-06-17 09:46:14','2018-06-17 09:46:14',NULL),(961,0,1,'Test938','961','961','*+',1,'2018-06-17 09:46:14','2018-06-17 09:46:14',NULL),(962,0,1,'Test939','962','962','*,',1,'2018-06-17 09:46:14','2018-06-17 09:46:14',NULL),(963,0,1,'Test940','963','963','*-',1,'2018-06-17 09:46:14','2018-06-17 09:46:14',NULL),(964,0,1,'Test941','964','964','*.',1,'2018-06-17 09:46:14','2018-06-17 09:46:14',NULL),(965,0,1,'Test942','965','965','*/',1,'2018-06-17 09:46:14','2018-06-17 09:46:14',NULL),(966,0,1,'Test943','966','966','*0',1,'2018-06-17 09:46:14','2018-06-17 09:46:14',NULL),(967,0,1,'Test944','967','967','*1',1,'2018-06-17 09:46:14','2018-06-17 09:46:14',NULL),(968,0,1,'Test945','968','968','*2',1,'2018-06-17 09:46:14','2018-06-17 09:46:14',NULL),(969,0,1,'Test946','969','969','*3',1,'2018-06-17 09:46:14','2018-06-17 09:46:14',NULL),(970,0,1,'Test947','970','970','*4',1,'2018-06-17 09:46:14','2018-06-17 09:46:14',NULL),(971,0,1,'Test948','971','971','*5',1,'2018-06-17 09:46:14','2018-06-17 09:46:14',NULL),(972,0,1,'Test949','972','972','*6',1,'2018-06-17 09:46:14','2018-06-17 09:46:14',NULL),(973,0,1,'Test950','973','973','*7',1,'2018-06-17 09:46:14','2018-06-17 09:46:14',NULL),(974,0,1,'Test951','974','974','*8',1,'2018-06-17 09:46:14','2018-06-17 09:46:14',NULL),(975,0,1,'Test952','975','975','*9',1,'2018-06-17 09:46:14','2018-06-17 09:46:14',NULL),(976,0,1,'Test953','976','976','*:',1,'2018-06-17 09:46:15','2018-06-17 09:46:15',NULL),(977,0,1,'Test954','977','977','*;',1,'2018-06-17 09:46:15','2018-06-17 09:46:15',NULL),(978,0,1,'Test955','978','978','*<',1,'2018-06-17 09:46:15','2018-06-17 09:46:15',NULL),(979,0,1,'Test956','979','979','*=',1,'2018-06-17 09:46:15','2018-06-17 09:46:15',NULL),(980,0,1,'Test957','980','980','*>',1,'2018-06-17 09:46:15','2018-06-17 09:46:15',NULL),(981,0,1,'Test958','981','981','*?',1,'2018-06-17 09:46:15','2018-06-17 09:46:15',NULL),(982,0,1,'Test959','982','982','*@',1,'2018-06-17 09:46:15','2018-06-17 09:46:15',NULL),(983,0,1,'Test960','983','983','*A',1,'2018-06-17 09:46:15','2018-06-17 09:46:15',NULL),(984,0,1,'Test961','984','984','*B',1,'2018-06-17 09:46:15','2018-06-17 09:46:15',NULL),(985,0,1,'Test962','985','985','*C',1,'2018-06-17 09:46:15','2018-06-17 09:46:15',NULL),(986,0,1,'Test963','986','986','*D',1,'2018-06-17 09:46:15','2018-06-17 09:46:15',NULL),(987,0,1,'Test964','987','987','*E',1,'2018-06-17 09:46:15','2018-06-17 09:46:15',NULL),(988,0,1,'Test965','988','988','*F',1,'2018-06-17 09:46:15','2018-06-17 09:46:15',NULL),(989,0,1,'Test966','989','989','*G',1,'2018-06-17 09:46:15','2018-06-17 09:46:15',NULL),(990,0,1,'Test967','990','990','*H',1,'2018-06-17 09:46:15','2018-06-17 09:46:15',NULL),(991,0,1,'Test968','991','991','*I',1,'2018-06-17 09:46:15','2018-06-17 09:46:15',NULL),(992,0,1,'Test969','992','992','*J',1,'2018-06-17 09:46:15','2018-06-17 09:46:15',NULL),(993,0,1,'Test970','993','993','*K',1,'2018-06-17 09:46:15','2018-06-17 09:46:15',NULL),(994,0,1,'Test971','994','994','*L',1,'2018-06-17 09:46:15','2018-06-17 09:46:15',NULL),(995,0,1,'Test972','995','995','*M',1,'2018-06-17 09:46:15','2018-06-17 09:46:15',NULL),(996,0,1,'Test973','996','996','*N',1,'2018-06-17 09:46:15','2018-06-17 09:46:15',NULL),(997,0,1,'Test974','997','997','*O',1,'2018-06-17 09:46:15','2018-06-17 09:46:15',NULL),(998,0,1,'Test975','998','998','*P',1,'2018-06-17 09:46:15','2018-06-17 09:46:15',NULL),(999,0,1,'Test976','999','999','*Q',1,'2018-06-17 09:46:15','2018-06-17 09:46:15',NULL),(1000,0,1,'Test977','1000','1000','*R',1,'2018-06-17 09:46:15','2018-06-17 09:46:15',NULL),(1001,0,1,'Test978','1001','1001','*S',1,'2018-06-17 09:46:15','2018-06-17 09:46:15',NULL),(1002,0,1,'Test979','1002','1002','*T',1,'2018-06-17 09:46:15','2018-06-17 09:46:15',NULL),(1003,0,1,'Test980','1003','1003','*U',1,'2018-06-17 09:46:15','2018-06-17 09:46:15',NULL),(1004,0,1,'Test981','1004','1004','*V',1,'2018-06-17 09:46:15','2018-06-17 09:46:15',NULL),(1005,0,1,'Test982','1005','1005','*W',1,'2018-06-17 09:46:15','2018-06-17 09:46:15',NULL),(1006,0,1,'Test983','1006','1006','*X',1,'2018-06-17 09:46:15','2018-06-17 09:46:15',NULL),(1007,0,1,'Test984','1007','1007','*Y',1,'2018-06-17 09:46:15','2018-06-17 09:46:15',NULL),(1008,0,1,'Test985','1008','1008','*Z',1,'2018-06-17 09:46:15','2018-06-17 09:46:15',NULL),(1009,0,1,'Test986','1009','1009','*[',1,'2018-06-17 09:46:15','2018-06-17 09:46:15',NULL),(1010,0,1,'Test987','1010','1010','*\\',1,'2018-06-17 09:46:15','2018-06-17 09:46:15',NULL),(1011,0,1,'Test988','1011','1011','*]',1,'2018-06-17 09:46:15','2018-06-17 09:46:15',NULL),(1012,0,1,'Test989','1012','1012','*^',1,'2018-06-17 09:46:15','2018-06-17 09:46:15',NULL),(1013,0,1,'Test990','1013','1013','*_',1,'2018-06-17 09:46:15','2018-06-17 09:46:15',NULL),(1014,0,1,'Test991','1014','1014','*`',1,'2018-06-17 09:46:15','2018-06-17 09:46:15',NULL),(1015,0,1,'Test992','1015','1015','*a',1,'2018-06-17 09:46:15','2018-06-17 09:46:15',NULL),(1016,0,1,'Test993','1016','1016','*b',1,'2018-06-17 09:46:15','2018-06-17 09:46:15',NULL),(1017,0,1,'Test994','1017','1017','*c',1,'2018-06-17 09:46:15','2018-06-17 09:46:15',NULL),(1018,0,1,'Test995','1018','1018','*d',1,'2018-06-17 09:46:15','2018-06-17 09:46:15',NULL),(1019,0,1,'Test996','1019','1019','*e',1,'2018-06-17 09:46:15','2018-06-17 09:46:15',NULL),(1020,0,1,'Test997','1020','1020','*f',1,'2018-06-17 09:46:15','2018-06-17 09:46:15',NULL),(1021,0,1,'Test998','1021','1021','*g',1,'2018-06-17 09:46:15','2018-06-17 09:46:15',NULL),(1022,0,1,'Test999','1022','1022','*h',1,'2018-06-17 09:46:15','2018-06-17 09:46:15',NULL),(1023,0,1,'Ололол','1023','1023,1024,1025,1026','   *i',1,'2018-06-24 06:36:53','2018-06-24 06:37:02',NULL),(1024,1023,2,'Кококо','1023,1024','1024,1025,1026','   *i   *j',1,'2018-06-24 06:36:57','2018-06-24 06:37:02',NULL),(1025,1024,3,'1А','1023,1024,1А','1025,1026','   *i   *j    !',1,'2018-06-24 06:37:00','2018-06-24 06:37:02',NULL),(1026,1025,4,'33','1023,1024,1А,33','1026','   *i   *j    !    A',1,'2018-06-24 06:37:02','2018-06-24 06:37:02',NULL),(1027,3,4,'1А','1,2,1,1А','1027','    !    \"    !    !',1,'2018-06-24 08:04:29','2018-06-24 08:04:29',NULL),(1028,26,2,'Te','26,1028','1028,1029,1030','    :   *n',1,'2018-06-24 08:06:58','2018-06-24 08:07:01',NULL),(1029,1028,3,'1','26,1028,1','1029,1030','    :   *n    !',1,'2018-06-24 08:07:00','2018-06-24 08:07:01',NULL),(1030,1029,4,'1','26,1028,1,1','1030','    :   *n    !    !',1,'2018-06-24 08:07:01','2018-06-24 08:07:01',NULL),(1031,7,2,'Re','7,1031','1031,1032,1033,1034,1035,1036','    \'   *q',1,'2018-06-24 08:09:01','2018-06-24 08:11:53',NULL),(1032,1031,3,'1','7,1031,1','1032,1033,1034,1035,1036','    \'   *q    !',1,'2018-06-24 08:09:02','2018-06-24 08:11:53',NULL),(1033,1032,4,'1','7,1031,1,1','1033','    \'   *q    !    !',1,'2018-06-24 08:09:04','2018-06-24 08:09:04',NULL),(1034,1032,4,'2','7,1031,1,2','1034','    \'   *q    !    \"',1,'2018-06-24 08:09:35','2018-06-24 08:09:35',NULL),(1035,1032,4,'3','7,1031,1,3','1035','    \'   *q    !    #',1,'2018-06-24 08:11:30','2018-06-24 08:11:30',NULL),(1036,1032,4,'4','7,1031,1,4','1036','    \'   *q    !    $',1,'2018-06-24 08:11:53','2018-06-24 08:11:53',NULL),(1037,8,2,'F','8,1037','1037','    (   *w',1,'2019-08-09 12:12:26','2019-08-09 12:12:26',NULL);
/*!40000 ALTER TABLE `addresses` ENABLE KEYS */;
UNLOCK TABLES;

--
-- Table structure for table `assoc_month`
--

DROP TABLE IF EXISTS `assoc_month`;
/*!40101 SET @saved_cs_client     = @@character_set_client */;
/*!40101 SET character_set_client = utf8 */;
CREATE TABLE `assoc_month` (
  `id` int(11) NOT NULL AUTO_INCREMENT,
  `num` int(1) NOT NULL,
  `title` varchar(50) NOT NULL,
  PRIMARY KEY (`id`)
) ENGINE=InnoDB AUTO_INCREMENT=13 DEFAULT CHARSET=utf8;
/*!40101 SET character_set_client = @saved_cs_client */;

--
-- Dumping data for table `assoc_month`
--

LOCK TABLES `assoc_month` WRITE;
/*!40000 ALTER TABLE `assoc_month` DISABLE KEYS */;
INSERT INTO `assoc_month` VALUES (1,1,'Январь'),(2,2,'Февраль'),(3,3,'Март'),(4,4,'Апрель'),(5,5,'Май'),(6,6,'Июнь'),(7,7,'Июль'),(8,8,'Август'),(9,9,'Сентябрь'),(10,10,'Октябрь'),(11,11,'Ноябрь'),(12,12,'Декабрь');
/*!40000 ALTER TABLE `assoc_month` ENABLE KEYS */;
UNLOCK TABLES;

--
-- Table structure for table `backend_actions`
--

DROP TABLE IF EXISTS `backend_actions`;
/*!40101 SET @saved_cs_client     = @@character_set_client */;
/*!40101 SET character_set_client = utf8 */;
CREATE TABLE `backend_actions` (
  `id` int(11) NOT NULL AUTO_INCREMENT,
  `name` varchar(50) NOT NULL,
  `description` text NOT NULL,
  `status` int(1) NOT NULL DEFAULT '0',
  PRIMARY KEY (`id`)
) ENGINE=MyISAM AUTO_INCREMENT=37 DEFAULT CHARSET=utf8;
/*!40101 SET character_set_client = @saved_cs_client */;

--
-- Dumping data for table `backend_actions`
--

LOCK TABLES `backend_actions` WRITE;
/*!40000 ALTER TABLE `backend_actions` DISABLE KEYS */;
INSERT INTO `backend_actions` VALUES (3,'short_data','Краткая информация',1),(4,'get_serial_meter','Получение серийника',1),(19,'full_data','Полная информация',1),(20,'meter_off','Выключение счетчика',1),(21,'meter_on','Включение счетчика',1),(2,'set_real_time','Синхронизация времени',1),(1,'get_multi_info','Показания по контрольным точкам',1);
/*!40000 ALTER TABLE `backend_actions` ENABLE KEYS */;
UNLOCK TABLES;

--
-- Table structure for table `backend_instructions`
--

DROP TABLE IF EXISTS `backend_instructions`;
/*!40101 SET @saved_cs_client     = @@character_set_client */;
/*!40101 SET character_set_client = utf8 */;
CREATE TABLE `backend_instructions` (
  `id` int(11) NOT NULL AUTO_INCREMENT,
  `parent_id` int(11) NOT NULL DEFAULT '0',
  `meter_id` int(11) NOT NULL,
  `action_id` int(11) NOT NULL,
  `status` tinyint(4) NOT NULL DEFAULT '0',
  `created_at` timestamp NULL DEFAULT NULL,
  `completed_at` timestamp NULL DEFAULT NULL,
  `query_id` int(11) DEFAULT NULL,
  `code_error` int(11) DEFAULT NULL,
  `priority` tinyint(4) NOT NULL,
  PRIMARY KEY (`id`)
) ENGINE=InnoDB AUTO_INCREMENT=973 DEFAULT CHARSET=utf8 COLLATE=utf8_bin;
/*!40101 SET character_set_client = @saved_cs_client */;

--
-- Dumping data for table `backend_instructions`
--

LOCK TABLES `backend_instructions` WRITE;
/*!40000 ALTER TABLE `backend_instructions` DISABLE KEYS */;
INSERT INTO `backend_instructions` VALUES (9,5253,5253,4,1,'2018-03-01 16:33:07','2018-03-01 16:33:07',7,NULL,10),(10,5253,5253,2,1,'2018-03-01 16:33:07','2018-03-01 16:33:08',8,NULL,10),(11,5253,5253,21,1,'2018-03-01 16:33:07','2018-03-01 16:33:08',9,NULL,10),(12,5253,5253,3,1,'2018-03-01 16:33:07','2018-03-01 16:33:09',10,NULL,10),(13,5254,5254,4,1,'2018-03-02 11:59:25','2018-03-02 11:59:28',11,NULL,10),(14,5254,5254,2,1,'2018-03-02 11:59:25','2018-03-02 11:59:28',12,NULL,10),(15,5254,5254,21,1,'2018-03-02 11:59:25','2018-03-02 11:59:28',13,NULL,10),(16,5254,5254,3,1,'2018-03-02 11:59:25','2018-03-02 11:59:29',14,NULL,10),(17,5255,5255,4,1,'2018-03-02 12:00:20','2018-03-02 12:00:21',15,NULL,10),(18,5255,5255,2,1,'2018-03-02 12:00:20','2018-03-02 12:00:21',16,NULL,10),(19,5255,5255,21,1,'2018-03-02 12:00:20','2018-03-02 12:00:22',17,NULL,10),(20,5255,5255,3,1,'2018-03-02 12:00:20','2018-03-02 12:00:22',18,NULL,10),(21,5256,5256,4,1,'2018-03-02 12:30:12','2018-03-02 12:30:23',19,NULL,10),(22,5256,5256,2,1,'2018-03-02 12:30:12','2018-03-02 12:30:24',20,NULL,10),(23,5256,5256,21,1,'2018-03-02 12:30:12','2018-03-02 12:30:24',21,NULL,10),(24,5256,5256,3,1,'2018-03-02 12:30:12','2018-03-02 12:30:25',22,NULL,10),(25,5257,5257,4,1,'2018-03-02 12:32:12','2018-03-02 12:32:14',23,NULL,10),(26,5257,5257,2,1,'2018-03-02 12:32:12','2018-03-02 12:32:14',24,NULL,10),(27,5257,5257,21,1,'2018-03-02 12:32:12','2018-03-02 12:32:15',25,NULL,10),(28,5257,5257,3,1,'2018-03-02 12:32:12','2018-03-02 12:32:15',26,NULL,10),(29,5258,5258,4,1,'2018-03-02 12:34:17','2018-03-02 12:34:20',27,NULL,10),(30,5258,5258,2,1,'2018-03-02 12:34:17','2018-03-02 12:34:20',28,NULL,10),(31,5258,5258,21,1,'2018-03-02 12:34:17','2018-03-02 12:34:21',29,NULL,10),(32,5258,5258,3,1,'2018-03-02 12:34:17','2018-03-02 12:34:21',30,NULL,10),(33,5259,5259,4,1,'2018-03-02 12:35:55','2018-03-02 12:36:01',31,NULL,10),(34,5259,5259,2,1,'2018-03-02 12:35:55','2018-03-02 12:36:01',32,NULL,10),(35,5259,5259,21,1,'2018-03-02 12:35:55','2018-03-02 12:36:02',33,NULL,10),(36,5259,5259,3,1,'2018-03-02 12:35:55','2018-03-02 12:36:02',34,NULL,10),(37,5260,5260,4,1,'2018-03-02 12:36:43','2018-03-02 12:36:44',35,NULL,10),(38,5260,5260,2,1,'2018-03-02 12:36:43','2018-03-02 12:36:45',36,NULL,10),(39,5260,5260,21,1,'2018-03-02 12:36:43','2018-03-02 12:36:45',37,NULL,10),(40,5260,5260,3,1,'2018-03-02 12:36:43','2018-03-02 12:36:45',38,NULL,10),(41,5261,5261,4,1,'2018-03-02 12:37:28','2018-03-02 12:37:33',39,NULL,10),(42,5261,5261,2,1,'2018-03-02 12:37:28','2018-03-02 12:37:33',40,NULL,10),(43,5261,5261,21,1,'2018-03-02 12:37:28','2018-03-02 12:37:34',41,NULL,10),(44,5261,5261,3,1,'2018-03-02 12:37:28','2018-03-02 12:37:34',42,NULL,10),(45,5262,5262,4,1,'2018-03-02 12:38:25','2018-03-02 12:38:26',43,NULL,10),(46,5262,5262,2,1,'2018-03-02 12:38:25','2018-03-02 12:38:27',44,NULL,10),(47,5262,5262,21,1,'2018-03-02 12:38:25','2018-03-02 12:38:27',45,NULL,10),(48,5262,5262,3,1,'2018-03-02 12:38:25','2018-03-02 12:38:28',46,NULL,10),(49,5263,5263,4,1,'2018-03-02 12:39:56','2018-03-02 12:40:02',47,NULL,10),(50,5263,5263,2,1,'2018-03-02 12:39:56','2018-03-02 12:40:02',48,NULL,10),(51,5263,5263,21,1,'2018-03-02 12:39:56','2018-03-02 12:40:03',49,NULL,10),(52,5263,5263,3,1,'2018-03-02 12:39:56','2018-03-02 12:40:03',50,NULL,10),(53,5264,5264,4,1,'2018-03-02 13:33:58','2018-03-02 13:34:00',51,NULL,10),(54,5264,5264,2,1,'2018-03-02 13:33:58','2018-03-02 13:34:00',52,NULL,10),(55,5264,5264,21,1,'2018-03-02 13:33:58','2018-03-02 13:34:01',53,NULL,10),(56,5264,5264,3,1,'2018-03-02 13:33:58','2018-03-02 13:34:01',54,NULL,10),(61,5267,5267,4,1,'2018-03-05 11:37:51','2018-03-05 11:37:56',57,NULL,10),(62,5267,5267,2,1,'2018-03-05 11:37:51','2018-03-05 11:37:57',58,NULL,10),(63,5267,5267,21,1,'2018-03-05 11:37:51','2018-03-05 11:37:57',59,NULL,10),(64,5267,5267,3,1,'2018-03-05 11:37:51','2018-03-05 11:37:58',60,NULL,10),(65,5268,5268,4,1,'2018-03-05 11:39:35','2018-03-05 11:39:37',61,NULL,10),(66,5268,5268,2,1,'2018-03-05 11:39:35','2018-03-05 11:39:37',62,NULL,10),(67,5268,5268,21,1,'2018-03-05 11:39:35','2018-03-05 11:39:38',63,NULL,10),(68,5268,5268,3,1,'2018-03-05 11:39:35','2018-03-05 11:39:38',64,NULL,10),(69,5269,5269,4,1,'2018-03-05 11:41:07','2018-03-05 11:41:07',65,NULL,10),(70,5269,5269,2,1,'2018-03-05 11:41:07','2018-03-05 11:41:07',66,NULL,10),(71,5269,5269,21,1,'2018-03-05 11:41:07','2018-03-05 11:41:08',67,NULL,10),(72,5269,5269,3,1,'2018-03-05 11:41:07','2018-03-05 11:41:08',68,NULL,10),(77,5271,5271,4,1,'2018-03-05 12:14:47','2018-03-05 12:14:51',71,NULL,10),(78,5271,5271,2,1,'2018-03-05 12:14:47','2018-03-05 12:14:51',72,NULL,10),(79,5271,5271,21,1,'2018-03-05 12:14:47','2018-03-05 12:14:52',73,NULL,10),(80,5271,5271,3,1,'2018-03-05 12:14:47','2018-03-05 12:14:52',74,NULL,10),(133,5285,5285,4,1,'2018-03-05 13:06:47','2018-03-05 13:06:50',107,NULL,10),(134,5285,5285,2,1,'2018-03-05 13:06:47','2018-03-05 13:06:51',108,NULL,10),(135,5285,5285,21,1,'2018-03-05 13:06:47','2018-03-05 13:06:51',109,NULL,10),(136,5285,5285,3,1,'2018-03-05 13:06:47','2018-03-05 13:06:52',110,NULL,10),(137,5286,5286,4,1,'2018-03-07 14:16:18','2018-03-07 14:16:39',111,NULL,10),(139,5286,5286,21,1,'2018-03-07 14:16:18','2018-03-07 14:16:39',112,NULL,10),(140,5286,5286,3,1,'2018-03-07 14:16:18','2018-03-07 14:16:39',113,NULL,10),(141,5290,5290,4,1,'2018-03-19 11:00:10','2018-03-19 11:00:12',114,NULL,10),(142,5290,5290,2,1,'2018-03-19 11:00:10','2018-03-19 11:00:13',115,NULL,10),(143,5290,5290,21,1,'2018-03-19 11:00:10','2018-03-19 11:00:13',116,NULL,10),(144,5290,5290,3,1,'2018-03-19 11:00:10','2018-03-19 11:00:14',117,NULL,10),(145,5291,5291,4,1,'2018-03-19 11:05:45','2018-03-19 11:05:50',118,NULL,10),(146,5291,5291,2,1,'2018-03-19 11:05:45','2018-03-19 11:05:51',119,NULL,10),(147,5291,5291,21,1,'2018-03-19 11:05:45','2018-03-19 11:05:51',120,NULL,10),(148,5291,5291,3,1,'2018-03-19 11:05:45','2018-03-19 11:05:51',121,NULL,10),(149,5292,5292,4,1,'2018-03-19 11:07:42','2018-03-19 11:07:46',122,NULL,10),(150,5292,5292,2,1,'2018-03-19 11:07:42','2018-03-19 11:07:47',123,NULL,10),(151,5292,5292,21,1,'2018-03-19 11:07:42','2018-03-19 11:07:47',124,NULL,10),(152,5292,5292,3,1,'2018-03-19 11:07:42','2018-03-19 11:07:47',125,NULL,10),(153,5293,5293,4,1,'2018-03-19 11:13:36','2018-03-19 11:13:39',126,NULL,10),(154,5293,5293,2,1,'2018-03-19 11:13:36','2018-03-19 11:13:39',127,NULL,10),(155,5293,5293,21,1,'2018-03-19 11:13:36','2018-03-19 11:13:40',128,NULL,10),(156,5293,5293,3,1,'2018-03-19 11:13:36','2018-03-19 11:13:40',129,NULL,10),(157,5294,5294,4,1,'2018-03-19 11:16:22','2018-03-19 11:16:26',130,NULL,10),(158,5294,5294,2,1,'2018-03-19 11:16:22','2018-03-19 11:16:26',131,NULL,10),(159,5294,5294,21,1,'2018-03-19 11:16:22','2018-03-19 11:16:26',132,NULL,10),(160,5294,5294,3,1,'2018-03-19 11:16:22','2018-03-19 11:16:27',133,NULL,10),(161,5295,5295,4,1,'2018-03-19 11:45:15','2018-03-19 11:45:18',134,NULL,10),(162,5295,5295,2,1,'2018-03-19 11:45:15','2018-03-19 11:45:18',135,NULL,10),(163,5295,5295,21,1,'2018-03-19 11:45:15','2018-03-19 11:45:19',136,NULL,10),(164,5295,5295,3,1,'2018-03-19 11:45:15','2018-03-19 11:45:19',137,NULL,10),(165,5296,5296,4,1,'2018-03-21 13:33:46','2018-03-21 13:34:07',138,NULL,10),(167,5296,5296,21,1,'2018-03-21 13:33:46','2018-03-21 13:34:07',139,NULL,10),(168,5296,5296,3,1,'2018-03-21 13:33:46','2018-03-21 13:34:08',140,NULL,10),(169,5297,5297,4,1,'2018-03-21 13:36:04','2018-03-21 13:36:07',141,NULL,10),(170,5297,5297,2,1,'2018-03-21 13:36:04','2018-03-21 13:36:08',142,NULL,10),(171,5297,5297,21,1,'2018-03-21 13:36:04','2018-03-21 13:36:08',143,NULL,10),(172,5297,5297,3,1,'2018-03-21 13:36:04','2018-03-21 13:36:08',144,NULL,10),(173,5298,5298,4,1,'2018-03-21 13:37:19','2018-03-21 13:37:21',145,NULL,10),(174,5298,5298,2,1,'2018-03-21 13:37:19','2018-03-21 13:37:22',146,NULL,10),(175,5298,5298,21,1,'2018-03-21 13:37:19','2018-03-21 13:37:22',147,NULL,10),(176,5298,5298,3,1,'2018-03-21 13:37:19','2018-03-21 13:37:22',148,NULL,10),(177,5299,5299,4,1,'2018-03-21 13:39:52','2018-03-21 13:39:53',149,NULL,10),(178,5299,5299,2,1,'2018-03-21 13:39:52','2018-03-21 13:39:53',150,NULL,10),(179,5299,5299,21,1,'2018-03-21 13:39:52','2018-03-21 13:39:54',151,NULL,10),(180,5299,5299,3,1,'2018-03-21 13:39:52','2018-03-21 13:39:54',152,NULL,10),(181,5300,5300,4,1,'2018-03-21 13:41:21','2018-03-21 13:41:23',153,NULL,10),(182,5300,5300,2,1,'2018-03-21 13:41:21','2018-03-21 13:41:23',154,NULL,10),(183,5300,5300,21,1,'2018-03-21 13:41:21','2018-03-21 13:41:23',155,NULL,10),(184,5300,5300,3,1,'2018-03-21 13:41:21','2018-03-21 13:41:24',156,NULL,10),(185,5301,5301,4,1,'2018-03-21 14:03:00','2018-03-21 14:03:05',157,NULL,10),(186,5301,5301,2,1,'2018-03-21 14:03:00','2018-03-21 14:03:05',158,NULL,10),(187,5301,5301,21,1,'2018-03-21 14:03:00','2018-03-21 14:03:05',159,NULL,10),(188,5301,5301,3,1,'2018-03-21 14:03:00','2018-03-21 14:03:06',160,NULL,10),(189,5302,5302,4,1,'2018-03-21 14:04:32','2018-03-21 14:04:34',161,NULL,10),(190,5302,5302,2,1,'2018-03-21 14:04:32','2018-03-21 14:04:35',162,NULL,10),(191,5302,5302,21,1,'2018-03-21 14:04:32','2018-03-21 14:04:35',163,NULL,10),(192,5302,5302,3,1,'2018-03-21 14:04:32','2018-03-21 14:04:36',164,NULL,10),(193,5303,5303,4,1,'2018-03-21 14:05:39','2018-03-21 14:05:43',165,NULL,10),(194,5303,5303,2,1,'2018-03-21 14:05:39','2018-03-21 14:05:44',166,NULL,10),(195,5303,5303,21,1,'2018-03-21 14:05:39','2018-03-21 14:05:44',167,NULL,10),(196,5303,5303,3,1,'2018-03-21 14:05:39','2018-03-21 14:05:45',168,NULL,10),(197,5304,5304,4,1,'2018-03-21 14:07:56','2018-03-21 14:08:00',169,NULL,10),(198,5304,5304,2,1,'2018-03-21 14:07:56','2018-03-21 14:08:00',170,NULL,10),(199,5304,5304,21,1,'2018-03-21 14:07:56','2018-03-21 14:08:01',171,NULL,10),(200,5304,5304,3,1,'2018-03-21 14:07:56','2018-03-21 14:08:01',172,NULL,10),(201,5305,5305,4,1,'2018-03-21 14:10:25','2018-03-21 14:10:26',173,NULL,10),(202,5305,5305,2,1,'2018-03-21 14:10:25','2018-03-21 14:10:27',174,NULL,10),(203,5305,5305,21,1,'2018-03-21 14:10:25','2018-03-21 14:10:27',175,NULL,10),(204,5305,5305,3,1,'2018-03-21 14:10:25','2018-03-21 14:10:28',176,NULL,10),(205,0,5305,2,1,'2018-03-22 09:54:17','2018-03-22 09:54:17',177,NULL,3),(206,5306,5306,4,1,'2018-03-22 09:55:03','2018-03-22 09:55:04',178,NULL,10),(207,5306,5306,2,1,'2018-03-22 09:55:03','2018-03-22 09:55:05',179,NULL,10),(208,5306,5306,21,1,'2018-03-22 09:55:03','2018-03-22 09:55:05',180,NULL,10),(209,5306,5306,3,1,'2018-03-22 09:55:03','2018-03-22 09:55:05',181,NULL,10),(210,0,5306,2,1,'2018-03-22 12:54:17','2018-03-22 12:54:17',182,NULL,3),(211,0,5306,2,3,'2018-03-23 09:31:12','2018-03-23 09:31:13',183,1001,3),(212,5307,5307,4,1,'2018-03-23 09:31:41','2018-03-23 09:31:45',184,NULL,10),(213,5307,5307,2,1,'2018-03-23 09:31:41','2018-03-23 09:31:46',185,NULL,10),(214,5307,5307,21,1,'2018-03-23 09:31:41','2018-03-23 09:31:47',186,NULL,10),(215,5307,5307,3,1,'2018-03-23 09:31:41','2018-03-23 09:31:47',187,NULL,10),(216,0,5306,2,3,'2018-03-23 12:31:13','2018-03-23 12:31:14',190,1001,3),(217,0,5307,2,1,'2018-03-23 12:31:13','2018-03-23 12:31:15',191,NULL,3),(218,0,5306,2,3,'2018-03-23 15:31:15','2018-03-23 15:31:16',194,1001,3),(219,0,5307,2,1,'2018-03-23 15:31:15','2018-03-23 15:31:16',195,NULL,3),(220,0,5306,2,3,'2018-03-23 18:31:16','2018-03-23 18:31:16',198,1001,3),(221,0,5307,2,1,'2018-03-23 18:31:16','2018-03-23 18:31:17',199,NULL,3),(222,0,5306,2,3,'2018-03-23 23:08:26','2018-03-23 23:08:27',201,1001,3),(223,0,5307,2,1,'2018-03-23 23:08:26','2018-03-23 23:08:28',202,NULL,3),(224,0,5306,2,3,'2018-03-24 09:07:01','2018-03-24 09:07:02',203,1001,3),(225,0,5307,2,1,'2018-03-24 09:07:01','2018-03-24 09:07:03',204,NULL,3),(226,5308,5308,4,1,'2018-03-24 10:53:18','2018-03-24 10:53:19',206,NULL,10),(227,5308,5308,2,1,'2018-03-24 10:53:18','2018-03-24 10:53:19',207,NULL,10),(228,5308,5308,21,1,'2018-03-24 10:53:18','2018-03-24 10:53:20',208,NULL,10),(229,5308,5308,3,1,'2018-03-24 10:53:18','2018-03-24 10:53:20',209,NULL,10),(230,5309,5309,4,1,'2018-03-24 10:58:02','2018-03-24 10:58:05',210,NULL,10),(231,5309,5309,2,1,'2018-03-24 10:58:02','2018-03-24 10:58:06',211,NULL,10),(232,5309,5309,21,1,'2018-03-24 10:58:02','2018-03-24 10:58:06',212,NULL,10),(233,5309,5309,3,1,'2018-03-24 10:58:02','2018-03-24 10:58:07',213,NULL,10),(234,0,5306,2,3,'2018-03-24 12:07:05','2018-03-24 12:07:05',215,1001,3),(235,0,5307,2,3,'2018-03-24 12:07:05','2018-03-24 12:07:06',216,1001,3),(236,0,5309,2,1,'2018-03-24 12:07:05','2018-03-24 12:07:06',217,NULL,3),(237,0,5306,2,3,'2018-03-24 15:07:05','2018-03-24 15:07:06',220,1001,3),(238,0,5307,2,3,'2018-03-24 15:07:05','2018-03-24 15:07:06',221,1001,3),(239,0,5309,2,1,'2018-03-24 15:07:05','2018-03-24 15:07:07',222,NULL,3),(240,0,5306,2,3,'2018-03-24 18:07:05','2018-03-24 18:07:05',225,1001,3),(241,0,5307,2,3,'2018-03-24 18:07:05','2018-03-24 18:07:06',226,1001,3),(242,0,5309,2,1,'2018-03-24 18:07:05','2018-03-24 18:07:06',227,NULL,3),(243,0,5306,2,3,'2018-03-24 21:07:09','2018-03-24 21:07:09',230,1001,3),(244,0,5307,2,3,'2018-03-24 21:07:09','2018-03-24 21:07:10',231,1001,3),(245,0,5309,2,1,'2018-03-24 21:07:09','2018-03-24 21:07:10',232,NULL,3),(246,0,5306,2,3,'2018-03-25 09:35:57','2018-03-25 09:35:58',234,1001,3),(247,0,5307,2,3,'2018-03-25 09:35:57','2018-03-25 09:35:59',235,1001,3),(248,0,5309,2,1,'2018-03-25 09:35:57','2018-03-25 09:36:00',236,NULL,3),(249,0,5306,2,3,'2018-03-25 12:36:00','2018-03-25 12:36:00',239,1001,3),(250,0,5307,2,3,'2018-03-25 12:36:00','2018-03-25 12:36:01',240,1001,3),(251,0,5309,2,1,'2018-03-25 12:36:00','2018-03-25 12:36:01',241,NULL,3),(252,0,5306,2,3,'2018-03-25 15:36:00','2018-03-25 15:36:01',244,1001,3),(253,0,5307,2,3,'2018-03-25 15:36:00','2018-03-25 15:36:02',245,1001,3),(254,0,5309,2,1,'2018-03-25 15:36:00','2018-03-25 15:36:02',246,NULL,3),(255,0,5306,2,3,'2018-03-26 04:44:48','2018-03-26 04:44:50',248,1001,3),(256,0,5307,2,3,'2018-03-26 04:44:48','2018-03-26 04:44:51',249,1001,3),(257,0,5309,2,1,'2018-03-26 04:44:48','2018-03-26 04:44:51',250,NULL,3),(258,0,5306,2,3,'2018-03-26 07:44:50','2018-03-26 07:44:51',253,1001,3),(259,0,5307,2,3,'2018-03-26 07:44:50','2018-03-26 07:44:51',254,1001,3),(260,0,5309,2,1,'2018-03-26 07:44:50','2018-03-26 07:44:52',255,NULL,3),(261,0,5306,2,3,'2018-03-26 10:44:50','2018-03-26 10:44:51',258,1001,3),(262,0,5307,2,3,'2018-03-26 10:44:50','2018-03-26 10:44:51',259,1001,3),(263,0,5309,2,1,'2018-03-26 10:44:50','2018-03-26 10:44:52',260,NULL,3),(264,0,5306,2,3,'2018-03-26 13:44:53','2018-03-26 13:44:54',263,1001,3),(265,0,5307,2,3,'2018-03-26 13:44:53','2018-03-26 13:44:55',264,1001,3),(266,0,5309,2,1,'2018-03-26 13:44:53','2018-03-26 13:44:55',265,NULL,3),(267,0,5306,2,3,'2018-03-26 16:44:55','2018-03-26 16:44:55',268,1001,3),(268,0,5307,2,3,'2018-03-26 16:44:55','2018-03-26 16:44:56',269,1001,3),(269,0,5309,2,1,'2018-03-26 16:44:55','2018-03-26 16:44:56',270,NULL,3),(270,0,5306,2,3,'2018-03-26 19:44:55','2018-03-26 19:44:56',273,1001,3),(271,0,5307,2,3,'2018-03-26 19:44:55','2018-03-26 19:44:57',274,1001,3),(272,0,5309,2,1,'2018-03-26 19:44:55','2018-03-26 19:44:57',275,NULL,3),(273,0,5306,2,3,'2018-03-26 22:44:59','2018-03-26 22:45:00',278,1001,3),(274,0,5307,2,3,'2018-03-26 22:44:59','2018-03-26 22:45:00',279,1001,3),(275,0,5309,2,1,'2018-03-26 22:44:59','2018-03-26 22:45:00',280,NULL,3),(276,0,5306,2,3,'2018-03-27 08:44:54','2018-03-27 08:44:56',282,1001,3),(277,0,5307,2,3,'2018-03-27 08:44:54','2018-03-27 08:44:57',283,1001,3),(278,0,5309,2,1,'2018-03-27 08:44:54','2018-03-27 08:44:58',284,NULL,3),(279,0,5306,2,3,'2018-03-27 11:44:57','2018-03-27 11:44:59',287,1001,3),(280,0,5307,2,3,'2018-03-27 11:44:57','2018-03-27 11:44:59',288,1001,3),(281,0,5309,2,1,'2018-03-27 11:44:57','2018-03-27 11:44:59',289,NULL,3),(282,0,5306,2,3,'2018-03-27 14:45:01','2018-03-27 14:45:01',292,1001,3),(283,0,5307,2,3,'2018-03-27 14:45:01','2018-03-27 14:45:02',293,1001,3),(284,0,5309,2,1,'2018-03-27 14:45:01','2018-03-27 14:45:02',294,NULL,3),(285,0,5306,2,3,'2018-03-27 17:45:02','2018-03-27 17:45:03',297,1001,3),(286,0,5307,2,3,'2018-03-27 17:45:02','2018-03-27 17:45:04',298,1001,3),(287,0,5309,2,1,'2018-03-27 17:45:02','2018-03-27 17:45:04',299,NULL,3),(288,0,5306,2,3,'2018-03-27 20:45:04','2018-03-27 20:45:05',302,1001,3),(289,0,5307,2,3,'2018-03-27 20:45:04','2018-03-27 20:45:05',303,1001,3),(290,0,5309,2,1,'2018-03-27 20:45:04','2018-03-27 20:45:06',304,NULL,3),(291,0,5306,2,3,'2018-03-28 09:50:48','2018-03-28 09:50:49',306,1001,3),(292,0,5307,2,3,'2018-03-28 09:50:48','2018-03-28 09:50:50',307,1001,3),(293,0,5309,2,1,'2018-03-28 09:50:48','2018-03-28 09:50:52',308,NULL,3),(294,0,5306,2,3,'2018-03-28 12:50:49','2018-03-28 12:50:50',311,1001,3),(295,0,5307,2,3,'2018-03-28 12:50:49','2018-03-28 12:50:50',312,1001,3),(296,0,5309,2,1,'2018-03-28 12:50:49','2018-03-28 12:50:51',313,NULL,3),(297,0,5306,2,3,'2018-03-28 15:50:50','2018-03-28 15:50:50',316,1001,3),(298,0,5307,2,3,'2018-03-28 15:50:50','2018-03-28 15:50:51',317,1001,3),(299,0,5309,2,1,'2018-03-28 15:50:50','2018-03-28 15:50:51',318,NULL,3),(300,0,5306,2,3,'2018-03-28 18:50:51','2018-03-28 18:50:52',321,1001,3),(301,0,5307,2,3,'2018-03-28 18:50:51','2018-03-28 18:50:52',322,1001,3),(302,0,5309,2,1,'2018-03-28 18:50:51','2018-03-28 18:50:53',323,NULL,3),(303,0,5306,2,3,'2018-03-29 10:03:42','2018-03-29 10:03:43',324,1001,3),(304,0,5307,2,3,'2018-03-29 10:03:42','2018-03-29 10:03:44',325,1001,3),(305,0,5309,2,1,'2018-03-29 10:03:42','2018-03-29 10:03:45',326,NULL,3),(306,5309,5309,21,1,'2018-03-29 12:42:59','2018-03-29 12:43:04',329,NULL,10),(307,0,5309,21,1,'2018-03-29 12:54:17','2018-03-29 12:54:18',330,NULL,10),(308,0,5309,20,1,'2018-03-29 12:55:03','2018-03-29 12:55:05',331,NULL,10),(309,0,5309,21,3,'2018-03-29 13:01:34','2018-03-29 13:01:39',332,1001,10),(310,0,5306,2,3,'2018-03-29 13:03:45','2018-03-29 13:03:46',333,1001,3),(311,0,5307,2,3,'2018-03-29 13:03:45','2018-03-29 13:03:47',334,1001,3),(312,0,5309,2,3,'2018-03-29 13:03:45','2018-03-29 13:03:47',335,1001,3),(313,0,5309,21,3,'2018-03-29 13:24:01','2018-03-29 13:24:04',336,1001,10),(314,0,5309,21,3,'2018-03-29 13:24:07','2018-03-29 13:24:09',337,1001,10),(315,0,5309,21,3,'2018-03-29 13:24:08','2018-03-29 13:24:10',338,1001,10),(316,0,5309,21,3,'2018-03-29 13:24:08','2018-03-29 13:24:10',339,1001,10),(317,0,5309,21,3,'2018-03-29 13:24:08','2018-03-29 13:24:10',340,1001,10),(318,0,5309,21,3,'2018-03-29 13:24:08','2018-03-29 13:24:11',341,1001,10),(319,0,5309,21,3,'2018-03-29 13:47:49','2018-03-29 13:47:54',342,1001,10),(320,0,5309,21,3,'2018-03-29 13:49:04','2018-03-29 13:49:07',343,1001,10),(321,0,5309,21,3,'2018-03-29 13:52:00','2018-03-29 13:52:04',344,1001,10),(322,0,5309,21,3,'2018-03-29 13:53:28','2018-03-29 13:53:32',345,1001,10),(323,0,5309,21,3,'2018-03-29 13:53:53','2018-03-29 13:53:54',346,1001,10),(324,0,5309,21,3,'2018-03-29 13:54:30','2018-03-29 13:54:35',347,1001,10),(325,0,5309,21,3,'2018-03-29 13:58:39','2018-03-29 14:18:13',348,1001,10),(326,0,5309,21,3,'2018-03-29 14:02:57','2018-03-29 14:18:13',349,1001,10),(327,0,5309,21,3,'2018-03-29 14:04:10','2018-03-29 14:18:14',350,1001,10),(328,0,5309,21,3,'2018-03-29 14:14:31','2018-03-29 14:18:14',351,1001,10),(329,0,5309,21,3,'2018-03-29 14:16:47','2018-03-29 14:18:15',352,1001,10),(330,0,5309,21,3,'2018-03-29 14:17:54','2018-03-29 14:18:15',353,1001,10),(331,0,5309,21,3,'2018-03-29 14:19:12','2018-03-29 14:19:13',355,1001,10),(332,0,5309,21,3,'2018-03-29 14:19:55','2018-03-29 14:20:00',356,1001,10),(333,0,5309,21,3,'2018-03-29 14:21:09','2018-03-29 14:21:13',357,1001,10),(334,0,5306,2,3,'2018-03-29 16:03:49','2018-03-29 16:03:50',359,1001,3),(335,0,5307,2,3,'2018-03-29 16:03:49','2018-03-29 16:03:51',360,1001,3),(336,0,5309,2,3,'2018-03-29 16:03:49','2018-03-29 16:03:51',361,1001,3),(337,0,5306,2,3,'2018-03-30 03:24:43','2018-03-30 03:24:45',363,1001,3),(338,0,5307,2,3,'2018-03-30 03:24:43','2018-03-30 03:24:46',364,1001,3),(339,0,5309,2,3,'2018-03-30 03:24:43','2018-03-30 03:24:47',365,1001,3),(340,0,5306,2,3,'2018-03-30 06:24:47','2018-03-30 06:24:48',368,1001,3),(341,0,5307,2,3,'2018-03-30 06:24:47','2018-03-30 06:24:48',369,1001,3),(342,0,5309,2,3,'2018-03-30 06:24:47','2018-03-30 06:24:48',370,1001,3),(343,0,5306,2,3,'2018-03-30 09:24:48','2018-03-30 09:24:48',373,1001,3),(344,0,5307,2,3,'2018-03-30 09:24:48','2018-03-30 09:24:49',374,1001,3),(345,0,5309,2,3,'2018-03-30 09:24:48','2018-03-30 09:24:49',375,1001,3),(346,0,5309,21,3,'2018-03-30 10:23:59','2018-03-30 10:24:02',376,1001,10),(347,0,5309,21,3,'2018-03-30 11:26:04','2018-03-30 11:26:06',379,1001,10),(348,0,5306,2,3,'2018-03-30 12:24:51','2018-03-30 12:24:52',380,1001,3),(349,0,5307,2,3,'2018-03-30 12:24:51','2018-03-30 12:24:52',381,1001,3),(350,0,5309,2,3,'2018-03-30 12:24:51','2018-03-30 12:24:53',382,1001,3),(351,0,5309,21,3,'2018-03-30 13:09:18','2018-03-30 13:09:19',383,1001,10),(352,0,5309,21,3,'2018-03-30 13:10:35','2018-03-30 13:10:37',384,1001,10),(353,0,5309,21,3,'2018-03-30 13:11:25','2018-03-30 13:11:29',385,1001,10),(354,0,5309,21,3,'2018-03-30 13:12:18','2018-03-30 13:12:21',386,1001,10),(355,0,5309,21,3,'2018-03-30 13:12:50','2018-03-30 13:12:53',387,1001,10),(356,0,5309,21,3,'2018-03-30 13:20:56','2018-03-30 13:21:00',388,1001,10),(357,0,5309,21,3,'2018-03-30 13:22:46','2018-03-30 13:22:49',389,1001,10),(358,0,5309,21,3,'2018-03-30 13:22:56','2018-03-30 13:23:00',390,1001,10),(359,0,5309,21,3,'2018-03-30 13:25:04','2018-03-30 13:25:05',392,1001,10),(360,0,5309,21,3,'2018-03-30 13:26:45','2018-03-30 13:26:49',393,1001,10),(361,0,5309,21,3,'2018-03-30 13:27:32','2018-03-30 13:27:36',394,1001,10),(362,0,5309,21,3,'2018-03-30 13:28:01','2018-03-30 13:28:02',395,1001,10),(363,0,5309,21,3,'2018-03-30 13:29:00','2018-03-30 13:29:05',396,1001,10),(364,0,5309,21,3,'2018-03-30 13:29:40','2018-03-30 13:29:42',397,1001,10),(365,0,5309,21,3,'2018-03-30 13:30:32','2018-03-30 13:30:34',398,1001,10),(366,0,5309,21,3,'2018-03-30 13:31:27','2018-03-30 13:31:31',399,1001,10),(367,0,5309,21,3,'2018-03-30 13:32:36','2018-03-30 13:32:39',400,1001,10),(368,0,5309,21,3,'2018-03-30 13:36:55','2018-03-30 13:36:59',401,1001,10),(369,0,5309,21,3,'2018-03-30 13:38:03','2018-03-30 13:38:07',402,1001,10),(370,0,5309,20,3,'2018-03-30 13:38:15','2018-03-30 13:38:17',403,1001,10),(371,0,5309,21,3,'2018-03-30 13:38:47','2018-03-30 13:38:49',404,1001,10),(372,0,5309,21,3,'2018-03-30 13:38:54','2018-03-30 13:38:54',405,1001,10),(373,0,5309,21,3,'2018-03-30 13:38:59','2018-03-30 13:39:00',406,1001,10),(374,0,5309,21,3,'2018-03-30 13:39:19','2018-03-30 13:39:21',407,1001,10),(375,0,5309,21,3,'2018-03-30 13:40:36','2018-03-30 13:40:39',408,1001,10),(376,0,5309,21,1,'2018-03-30 13:42:53','2018-03-30 13:42:54',409,NULL,10),(377,0,5309,20,1,'2018-03-30 13:44:55','2018-03-30 13:44:59',410,NULL,10),(378,0,5309,20,1,'2018-03-30 13:45:08','2018-03-30 13:45:10',411,NULL,10),(379,0,5309,21,1,'2018-03-30 13:46:27','2018-03-30 13:46:28',412,NULL,10),(380,0,5309,20,1,'2018-03-30 13:46:35','2018-03-30 13:46:39',413,NULL,10),(381,0,5309,21,1,'2018-03-30 13:46:46','2018-03-30 13:46:49',414,NULL,10),(382,0,5309,20,1,'2018-03-30 14:27:53','2018-03-30 14:27:58',416,NULL,10),(383,0,5309,21,1,'2018-03-30 14:28:45','2018-03-30 14:28:51',417,NULL,10),(384,0,5309,20,1,'2018-03-30 14:29:17','2018-03-30 14:29:17',418,NULL,10),(385,0,5306,2,3,'2018-03-30 15:24:56','2018-03-30 15:24:56',419,1001,3),(386,0,5307,2,3,'2018-03-30 15:24:56','2018-03-30 15:24:57',420,1001,3),(387,0,5309,2,1,'2018-03-30 15:24:56','2018-03-30 15:24:57',421,NULL,3),(388,0,5306,2,3,'2018-03-30 18:25:00','2018-03-30 18:25:01',424,1001,3),(389,0,5307,2,3,'2018-03-30 18:25:00','2018-03-30 18:25:02',425,1001,3),(390,0,5309,2,1,'2018-03-30 18:25:00','2018-03-30 18:25:02',426,NULL,3),(391,0,5306,2,3,'2018-03-31 08:49:01','2018-03-31 08:49:02',427,1001,3),(392,0,5307,2,3,'2018-03-31 08:49:01','2018-03-31 08:49:03',428,1001,3),(393,0,5309,2,1,'2018-03-31 08:49:01','2018-03-31 08:49:03',429,NULL,3),(394,0,5309,21,1,'2018-03-31 08:54:13','2018-03-31 08:54:15',430,NULL,10),(395,0,5309,20,1,'2018-03-31 08:54:55','2018-03-31 08:54:58',431,NULL,10),(396,0,5309,21,1,'2018-03-31 08:55:23','2018-03-31 08:55:26',432,NULL,10),(397,0,5309,20,1,'2018-03-31 08:57:04','2018-03-31 08:57:06',433,NULL,10),(398,0,5309,21,1,'2018-03-31 08:58:34','2018-03-31 08:58:37',434,NULL,10),(399,0,5309,20,1,'2018-03-31 08:59:28','2018-03-31 08:59:30',435,NULL,10),(400,0,5309,21,1,'2018-03-31 09:00:55','2018-03-31 09:00:59',436,NULL,10),(401,0,5309,20,1,'2018-03-31 09:01:37','2018-03-31 09:01:41',437,NULL,10),(402,0,5309,21,1,'2018-03-31 09:03:04','2018-03-31 09:03:05',438,NULL,10),(403,0,5309,20,1,'2018-03-31 09:05:17','2018-03-31 09:05:20',439,NULL,10),(404,0,5309,21,1,'2018-03-31 09:06:26','2018-03-31 09:06:27',440,NULL,10),(405,0,5309,20,1,'2018-03-31 09:06:32','2018-03-31 09:06:33',441,NULL,10),(406,0,5309,21,1,'2018-03-31 09:06:43','2018-03-31 09:06:44',442,NULL,10),(407,0,5309,20,1,'2018-03-31 09:06:50','2018-03-31 09:06:55',443,NULL,10),(408,0,5309,21,1,'2018-03-31 09:07:06','2018-03-31 09:07:11',444,NULL,10),(409,0,5309,20,1,'2018-03-31 09:13:44','2018-03-31 09:13:45',445,NULL,10),(410,0,5309,21,1,'2018-03-31 09:14:51','2018-03-31 09:14:52',446,NULL,10),(411,0,5309,20,1,'2018-03-31 09:15:23','2018-03-31 09:15:24',447,NULL,10),(412,0,5309,21,1,'2018-03-31 09:15:36','2018-03-31 09:15:40',448,NULL,10),(413,0,5309,21,1,'2018-03-31 09:16:03','2018-03-31 09:16:06',449,NULL,10),(414,0,5309,20,1,'2018-03-31 09:16:12','2018-03-31 09:16:17',450,NULL,10),(415,0,5309,21,1,'2018-03-31 09:16:28','2018-03-31 09:16:33',451,NULL,10),(416,0,5309,20,1,'2018-03-31 09:21:17','2018-03-31 09:21:18',452,NULL,10),(417,0,5309,21,1,'2018-03-31 09:21:22','2018-03-31 09:21:23',453,NULL,10),(418,0,5309,20,1,'2018-03-31 09:21:31','2018-03-31 09:21:34',454,NULL,10),(419,0,5309,21,1,'2018-03-31 09:29:06','2018-03-31 09:29:10',455,NULL,10),(420,0,5309,20,1,'2018-03-31 09:30:01','2018-03-31 09:30:03',456,NULL,10),(421,0,5309,21,1,'2018-03-31 09:35:04','2018-03-31 09:35:08',457,NULL,10),(422,0,5309,20,1,'2018-03-31 09:37:06','2018-03-31 09:37:08',458,NULL,10),(423,0,5309,21,1,'2018-03-31 09:39:01','2018-03-31 09:39:02',459,NULL,10),(424,0,5309,20,1,'2018-03-31 10:01:33','2018-03-31 10:01:37',461,NULL,10),(425,0,5309,21,1,'2018-03-31 10:13:23','2018-03-31 10:13:28',462,NULL,10),(426,0,5309,20,1,'2018-03-31 10:16:37','2018-03-31 10:16:40',463,NULL,10),(427,0,5309,21,1,'2018-03-31 10:19:10','2018-03-31 10:19:15',464,NULL,10),(428,0,5309,20,1,'2018-03-31 10:21:57','2018-03-31 10:22:01',465,NULL,10),(429,0,5309,21,1,'2018-03-31 10:22:07','2018-03-31 10:22:12',466,NULL,10),(430,0,5309,20,1,'2018-03-31 10:22:16','2018-03-31 10:22:18',467,NULL,10),(431,0,5309,21,1,'2018-03-31 10:22:54','2018-03-31 10:23:00',468,NULL,10),(432,0,5309,20,1,'2018-03-31 10:23:03','2018-03-31 10:23:05',469,NULL,10),(433,0,5309,21,1,'2018-03-31 10:26:06','2018-03-31 10:26:07',470,NULL,10),(434,0,5309,20,1,'2018-03-31 10:26:19','2018-03-31 10:26:23',471,NULL,10),(435,0,5309,21,1,'2018-03-31 10:26:38','2018-03-31 10:26:39',472,NULL,10),(436,0,5309,20,1,'2018-03-31 10:27:39','2018-03-31 10:27:42',473,NULL,10),(437,0,5309,21,1,'2018-03-31 10:28:59','2018-03-31 10:29:00',474,NULL,10),(438,0,5309,20,1,'2018-03-31 10:29:04','2018-03-31 10:29:06',475,NULL,10),(439,0,5309,21,1,'2018-03-31 10:29:10','2018-03-31 10:29:11',476,NULL,10),(440,0,5309,20,1,'2018-03-31 10:29:21','2018-03-31 10:29:22',477,NULL,10),(441,0,5309,21,1,'2018-03-31 10:40:28','2018-03-31 10:40:31',478,NULL,10),(442,0,5309,20,1,'2018-03-31 10:40:43','2018-03-31 10:40:47',479,NULL,10),(443,0,5309,21,1,'2018-03-31 10:40:58','2018-03-31 10:40:58',480,NULL,10),(444,0,5309,20,1,'2018-03-31 10:41:21','2018-03-31 10:41:24',481,NULL,10),(445,0,5309,21,1,'2018-03-31 10:41:26','2018-03-31 10:41:30',482,NULL,10),(446,0,5309,20,1,'2018-03-31 10:41:48','2018-03-31 10:41:51',483,NULL,10),(447,0,5309,21,3,'2018-03-31 10:41:56','2018-03-31 10:41:57',484,1001,10),(448,0,5309,21,3,'2018-03-31 10:42:05','2018-03-31 10:42:08',485,1001,10),(449,0,5309,21,1,'2018-03-31 10:42:15','2018-03-31 10:42:19',486,NULL,10),(450,0,5309,20,1,'2018-03-31 10:42:53','2018-03-31 10:42:55',487,NULL,10),(451,0,5309,21,1,'2018-03-31 10:43:12','2018-03-31 10:43:16',488,NULL,10),(452,0,5309,20,1,'2018-03-31 11:00:41','2018-03-31 11:00:44',490,NULL,10),(453,0,5309,21,1,'2018-03-31 11:01:17','2018-03-31 11:01:20',491,NULL,10),(454,0,5309,20,1,'2018-03-31 11:27:21','2018-03-31 11:27:24',492,NULL,10),(455,0,5309,21,1,'2018-03-31 11:27:40','2018-03-31 11:27:45',493,NULL,10),(456,0,5306,2,3,'2018-03-31 11:49:04','2018-03-31 11:49:05',494,1001,3),(457,0,5307,2,3,'2018-03-31 11:49:04','2018-03-31 11:49:05',495,1001,3),(458,0,5309,2,1,'2018-03-31 11:49:04','2018-03-31 11:49:06',496,NULL,3),(459,0,5309,20,1,'2018-03-31 11:52:51','2018-03-31 11:52:54',497,NULL,10),(460,0,5309,21,1,'2018-03-31 11:53:34','2018-03-31 11:53:36',498,NULL,10),(461,0,5309,20,1,'2018-03-31 11:54:02','2018-03-31 11:54:02',499,NULL,10),(462,5309,5309,3,1,'2018-03-31 12:10:21','2018-03-31 12:10:23',500,NULL,10),(463,5309,5309,3,1,'2018-03-31 12:12:55','2018-03-31 12:12:59',501,NULL,10),(464,5309,5309,3,1,'2018-03-31 12:43:35','2018-03-31 12:43:35',502,NULL,10),(465,5309,5309,3,1,'2018-03-31 12:44:12','2018-03-31 12:44:17',503,NULL,10),(466,5309,5309,3,1,'2018-03-31 12:46:38','2018-03-31 12:46:44',504,NULL,10),(467,5309,5309,3,1,'2018-03-31 12:46:50','2018-03-31 12:46:55',505,NULL,10),(468,5309,5309,3,1,'2018-03-31 12:47:01','2018-03-31 12:47:05',506,NULL,10),(469,5309,5309,3,1,'2018-03-31 12:50:11','2018-03-31 12:50:14',508,NULL,10),(470,0,5309,21,1,'2018-03-31 12:50:21','2018-03-31 12:50:25',509,NULL,10),(471,0,5307,20,3,'2018-03-31 12:56:55','2018-03-31 12:56:56',510,1001,10),(472,5307,5307,3,3,'2018-03-31 12:57:00','2018-03-31 12:57:02',511,1001,10),(473,0,5307,20,3,'2018-03-31 12:57:15','2018-03-31 12:57:18',512,1001,10),(474,0,5309,20,1,'2018-03-31 12:57:33','2018-03-31 12:57:34',513,NULL,10),(475,5307,5307,3,3,'2018-03-31 12:57:47','2018-03-31 12:57:50',514,1001,10),(476,0,5306,2,3,'2018-03-31 14:49:05','2018-03-31 14:49:05',516,1001,3),(477,0,5307,2,3,'2018-03-31 14:49:05','2018-03-31 14:49:06',517,1001,3),(478,0,5309,2,1,'2018-03-31 14:49:05','2018-03-31 14:49:06',518,NULL,3),(479,0,5306,2,3,'2018-03-31 17:49:07','2018-03-31 17:49:07',521,1001,3),(480,0,5307,2,3,'2018-03-31 17:49:07','2018-03-31 17:49:08',522,1001,3),(481,0,5309,2,1,'2018-03-31 17:49:07','2018-03-31 17:49:08',523,NULL,3),(482,0,5306,2,3,'2018-04-01 08:16:01','2018-04-01 08:16:02',525,1001,3),(483,0,5307,2,3,'2018-04-01 08:16:01','2018-04-01 08:16:03',526,1001,3),(484,0,5309,2,1,'2018-04-01 08:16:01','2018-04-01 08:16:04',527,NULL,3),(485,5309,5309,3,1,'2018-04-01 10:14:09','2018-04-01 10:14:11',529,NULL,10),(486,0,5309,21,1,'2018-04-01 10:14:13','2018-04-01 10:14:16',530,NULL,10),(487,0,5309,20,1,'2018-04-01 10:14:30','2018-04-01 10:14:33',531,NULL,10),(488,0,5309,21,1,'2018-04-01 10:40:56','2018-04-01 10:41:00',533,NULL,10),(489,0,5309,20,1,'2018-04-01 10:41:03','2018-04-01 10:41:06',534,NULL,10),(490,0,5309,21,3,'2018-04-01 10:41:23','2018-04-01 10:41:27',535,1001,10),(491,0,5309,21,1,'2018-04-01 10:41:38','2018-04-01 10:41:43',536,NULL,10),(492,0,5306,2,3,'2018-04-01 11:16:03','2018-04-01 11:16:04',537,1001,3),(493,0,5307,2,3,'2018-04-01 11:16:03','2018-04-01 11:16:04',538,1001,3),(494,0,5309,2,1,'2018-04-01 11:16:03','2018-04-01 11:16:04',539,NULL,3),(495,0,5306,2,3,'2018-04-01 14:16:04','2018-04-01 14:16:04',542,1001,3),(496,0,5307,2,3,'2018-04-01 14:16:04','2018-04-01 14:16:05',543,1001,3),(497,0,5309,2,1,'2018-04-01 14:16:04','2018-04-01 14:16:05',544,NULL,3),(498,0,5306,2,3,'2018-04-01 17:16:05','2018-04-01 17:16:05',547,1001,3),(499,0,5307,2,3,'2018-04-01 17:16:05','2018-04-01 17:16:06',548,1001,3),(500,0,5309,2,1,'2018-04-01 17:16:05','2018-04-01 17:16:06',549,NULL,3),(501,0,5306,2,3,'2018-04-01 20:39:28','2018-04-01 20:39:28',551,1001,3),(502,0,5307,2,3,'2018-04-01 20:39:28','2018-04-01 20:39:29',552,1001,3),(503,0,5309,2,1,'2018-04-01 20:39:28','2018-04-01 20:39:30',553,NULL,3),(504,0,5306,2,3,'2018-04-02 06:25:59','2018-04-02 06:26:00',554,1001,3),(505,0,5307,2,3,'2018-04-02 06:25:59','2018-04-02 06:26:01',555,1001,3),(506,0,5309,2,1,'2018-04-02 06:25:59','2018-04-02 06:26:02',556,NULL,3),(507,5310,5310,4,1,'2018-04-02 08:55:04','2018-04-02 08:55:04',559,NULL,10),(508,5310,5310,2,1,'2018-04-02 08:55:04','2018-04-02 08:55:05',560,NULL,10),(509,5310,5310,21,1,'2018-04-02 08:55:04','2018-04-02 08:55:05',561,NULL,10),(510,5310,5310,3,1,'2018-04-02 08:55:04','2018-04-02 08:55:05',562,NULL,10),(511,5311,5311,4,1,'2018-04-02 08:56:53','2018-04-02 08:56:54',563,NULL,10),(512,5311,5311,2,1,'2018-04-02 08:56:53','2018-04-02 08:56:55',564,NULL,10),(513,5311,5311,21,1,'2018-04-02 08:56:53','2018-04-02 08:56:55',565,NULL,10),(514,5311,5311,3,1,'2018-04-02 08:56:53','2018-04-02 08:56:56',566,NULL,10),(515,5312,5312,4,1,'2018-04-02 09:16:21','2018-04-02 09:16:26',567,NULL,10),(516,5312,5312,2,1,'2018-04-02 09:16:21','2018-04-02 09:16:27',568,NULL,10),(517,5312,5312,21,1,'2018-04-02 09:16:21','2018-04-02 09:16:27',569,NULL,10),(518,5312,5312,3,1,'2018-04-02 09:16:21','2018-04-02 09:16:28',570,NULL,10),(519,5313,5313,4,1,'2018-04-02 09:17:45','2018-04-02 09:17:46',571,NULL,10),(520,5313,5313,2,1,'2018-04-02 09:17:45','2018-04-02 09:17:46',572,NULL,10),(521,5313,5313,21,1,'2018-04-02 09:17:45','2018-04-02 09:17:46',573,NULL,10),(522,5313,5313,3,1,'2018-04-02 09:17:45','2018-04-02 09:17:47',574,NULL,10),(523,5314,5314,4,1,'2018-04-02 09:22:53','2018-04-02 09:22:58',575,NULL,10),(524,5314,5314,2,1,'2018-04-02 09:22:53','2018-04-02 09:22:58',576,NULL,10),(525,5314,5314,21,1,'2018-04-02 09:22:53','2018-04-02 09:22:59',577,NULL,10),(526,5314,5314,3,1,'2018-04-02 09:22:53','2018-04-02 09:22:59',578,NULL,10),(527,5315,5315,4,1,'2018-04-02 09:23:40','2018-04-02 09:23:41',579,NULL,10),(528,5315,5315,2,1,'2018-04-02 09:23:40','2018-04-02 09:23:41',580,NULL,10),(529,5315,5315,21,1,'2018-04-02 09:23:40','2018-04-02 09:23:42',581,NULL,10),(530,5315,5315,3,1,'2018-04-02 09:23:40','2018-04-02 09:23:42',582,NULL,10),(531,0,5309,2,3,'2018-04-02 09:26:02','2018-04-02 09:26:02',583,1001,3),(532,0,5315,2,1,'2018-04-02 09:26:02','2018-04-02 09:26:03',584,NULL,3),(533,5316,5316,4,1,'2018-04-02 09:26:45','2018-04-02 09:26:50',585,NULL,10),(534,5316,5316,2,1,'2018-04-02 09:26:45','2018-04-02 09:26:50',586,NULL,10),(535,5316,5316,21,1,'2018-04-02 09:26:45','2018-04-02 09:26:51',587,NULL,10),(536,5316,5316,3,1,'2018-04-02 09:26:45','2018-04-02 09:26:51',588,NULL,10),(537,5317,5317,4,1,'2018-04-02 10:20:16','2018-04-02 10:20:18',589,NULL,10),(538,5317,5317,2,1,'2018-04-02 10:20:16','2018-04-02 10:20:18',590,NULL,10),(539,5317,5317,21,1,'2018-04-02 10:20:16','2018-04-02 10:20:19',591,NULL,10),(540,5317,5317,3,1,'2018-04-02 10:20:16','2018-04-02 10:20:19',592,NULL,10),(541,0,5309,20,3,'2018-04-02 10:25:58','2018-04-02 10:26:02',593,1001,10),(542,5309,5309,3,3,'2018-04-02 10:26:07','2018-04-02 10:26:08',594,1001,10),(543,0,5309,2,3,'2018-04-02 12:26:05','2018-04-02 12:26:05',595,1001,3),(544,0,5309,2,3,'2018-04-02 15:26:08','2018-04-02 15:26:08',596,1001,3),(545,0,5309,2,3,'2018-04-02 18:26:10','2018-04-02 18:26:11',597,1001,3),(546,0,5309,2,3,'2018-04-03 07:46:21','2018-04-03 07:46:22',598,1001,3),(547,0,5309,2,3,'2018-04-03 10:46:23','2018-04-03 10:46:23',599,1001,3),(548,5318,5318,4,1,'2018-04-03 12:31:53','2018-04-03 12:31:56',600,NULL,10),(549,5318,5318,2,1,'2018-04-03 12:31:53','2018-04-03 12:31:57',601,NULL,10),(550,5318,5318,21,1,'2018-04-03 12:31:53','2018-04-03 12:31:57',602,NULL,10),(551,5318,5318,3,1,'2018-04-03 12:31:53','2018-04-03 12:31:58',603,NULL,10),(552,0,5309,20,3,'2018-04-03 12:34:55','2018-04-03 12:35:00',604,1001,10),(553,0,5318,20,1,'2018-04-03 12:35:08','2018-04-03 12:35:11',605,NULL,10),(554,0,5318,21,1,'2018-04-03 12:35:17','2018-04-03 12:35:22',606,NULL,10),(555,5318,5318,3,1,'2018-04-03 12:35:25','2018-04-03 12:35:27',607,NULL,10),(556,0,5309,2,3,'2018-04-03 13:46:26','2018-04-03 13:46:26',608,1001,3),(557,0,5318,2,1,'2018-04-03 13:46:26','2018-04-03 13:46:27',609,NULL,3),(558,0,5309,2,3,'2018-04-03 16:46:28','2018-04-03 16:46:28',610,1001,3),(559,0,5318,2,1,'2018-04-03 16:46:28','2018-04-03 16:46:29',611,NULL,3),(560,0,5309,2,3,'2018-04-04 07:58:33','2018-04-04 07:58:34',612,1001,3),(561,0,5318,2,1,'2018-04-04 07:58:33','2018-04-04 07:58:35',613,NULL,3),(562,0,5309,2,3,'2018-04-04 10:58:36','2018-04-04 10:58:36',614,1001,3),(563,0,5318,2,1,'2018-04-04 10:58:36','2018-04-04 10:58:37',615,NULL,3),(564,0,5309,2,3,'2018-04-04 13:58:40','2018-04-04 13:58:40',616,1001,3),(565,0,5318,2,1,'2018-04-04 13:58:40','2018-04-04 13:58:41',617,NULL,3),(566,5319,5319,4,1,'2018-04-04 16:45:49','2018-04-04 16:45:53',618,NULL,10),(567,5319,5319,2,1,'2018-04-04 16:45:49','2018-04-04 16:45:53',619,NULL,10),(568,5319,5319,21,1,'2018-04-04 16:45:49','2018-04-04 16:45:54',620,NULL,10),(569,5319,5319,3,1,'2018-04-04 16:45:49','2018-04-04 16:45:54',621,NULL,10),(570,0,5309,2,3,'2018-04-04 16:58:44','2018-04-04 16:58:45',622,1001,3),(571,0,5318,2,3,'2018-04-04 16:58:44','2018-04-04 16:58:45',623,1001,3),(572,0,5309,2,3,'2018-04-05 08:20:51','2018-04-05 08:20:52',624,1001,3),(573,0,5318,2,3,'2018-04-05 08:20:51','2018-04-05 08:20:53',625,1001,3),(574,0,5309,2,3,'2018-04-05 11:20:54','2018-04-05 11:20:55',626,1001,3),(575,0,5318,2,3,'2018-04-05 11:20:54','2018-04-05 11:20:55',627,1001,3),(576,0,5309,20,3,'2018-04-05 12:14:36','2018-04-05 12:14:38',628,1001,10),(577,0,5309,2,3,'2018-04-06 12:52:42','2018-04-06 12:55:11',696,1001,3),(578,0,5318,2,1,'2018-04-06 12:52:42','2018-04-06 12:55:12',697,NULL,3),(579,0,5318,20,3,'2018-04-06 12:53:34','2018-04-06 12:53:57',629,1001,10),(580,0,5318,20,3,'2018-04-06 12:53:56','2018-04-06 12:53:57',630,1001,10),(581,0,5318,20,3,'2018-04-06 12:53:57','2018-04-06 12:53:58',631,1001,10),(582,0,5318,20,3,'2018-04-06 12:53:57','2018-04-06 12:53:58',632,1001,10),(583,0,5318,20,3,'2018-04-06 12:53:57','2018-04-06 12:53:59',633,1001,10),(584,0,5318,20,3,'2018-04-06 12:53:58','2018-04-06 12:53:59',634,1001,10),(585,0,5318,20,3,'2018-04-06 12:53:58','2018-04-06 12:54:00',635,1001,10),(586,0,5318,20,3,'2018-04-06 12:53:58','2018-04-06 12:54:00',636,1001,10),(587,0,5318,20,3,'2018-04-06 12:53:58','2018-04-06 12:54:00',637,1001,10),(588,0,5318,20,3,'2018-04-06 12:53:58','2018-04-06 12:54:01',638,1001,10),(589,0,5318,20,3,'2018-04-06 12:53:59','2018-04-06 12:54:01',639,1001,10),(590,0,5318,20,3,'2018-04-06 12:53:59','2018-04-06 12:54:02',640,1001,10),(591,0,5318,20,3,'2018-04-06 12:53:59','2018-04-06 12:54:02',641,1001,10),(592,0,5318,20,3,'2018-04-06 12:53:59','2018-04-06 12:54:21',642,1001,10),(593,0,5318,20,3,'2018-04-06 12:54:00','2018-04-06 12:54:21',643,1001,10),(594,0,5318,20,3,'2018-04-06 12:54:00','2018-04-06 12:54:22',644,1001,10),(595,0,5318,20,3,'2018-04-06 12:54:00','2018-04-06 12:54:22',645,1001,10),(596,0,5318,20,3,'2018-04-06 12:54:00','2018-04-06 12:54:23',646,1001,10),(597,0,5318,20,3,'2018-04-06 12:54:00','2018-04-06 12:54:23',647,1001,10),(598,0,5318,20,3,'2018-04-06 12:54:01','2018-04-06 12:54:24',648,1001,10),(599,0,5318,20,3,'2018-04-06 12:54:01','2018-04-06 12:54:24',649,1001,10),(600,0,5318,20,3,'2018-04-06 12:54:01','2018-04-06 12:54:25',650,1001,10),(601,0,5318,20,3,'2018-04-06 12:54:01','2018-04-06 12:54:25',651,1001,10),(602,0,5318,20,3,'2018-04-06 12:54:01','2018-04-06 12:54:25',652,1001,10),(603,0,5318,20,3,'2018-04-06 12:54:02','2018-04-06 12:54:26',653,1001,10),(604,0,5318,20,3,'2018-04-06 12:54:02','2018-04-06 12:54:26',654,1001,10),(605,0,5318,20,3,'2018-04-06 12:54:02','2018-04-06 12:54:27',655,1001,10),(606,0,5318,20,3,'2018-04-06 12:54:02','2018-04-06 12:54:27',656,1001,10),(607,0,5318,20,3,'2018-04-06 12:54:21','2018-04-06 12:54:28',657,1001,10),(608,0,5318,20,3,'2018-04-06 12:54:21','2018-04-06 12:54:28',658,1001,10),(609,0,5318,20,3,'2018-04-06 12:54:21','2018-04-06 12:54:28',659,1001,10),(610,0,5318,20,3,'2018-04-06 12:54:22','2018-04-06 12:54:29',660,1001,10),(611,0,5318,20,1,'2018-04-06 12:54:22','2018-04-06 12:54:29',661,NULL,10),(612,0,5318,20,1,'2018-04-06 12:54:22','2018-04-06 12:54:30',662,NULL,10),(613,0,5318,20,1,'2018-04-06 12:54:22','2018-04-06 12:54:30',663,NULL,10),(614,0,5318,20,1,'2018-04-06 12:54:22','2018-04-06 12:54:31',664,NULL,10),(615,0,5318,20,1,'2018-04-06 12:54:23','2018-04-06 12:54:31',665,NULL,10),(616,0,5318,20,1,'2018-04-06 12:54:23','2018-04-06 12:54:31',666,NULL,10),(617,0,5318,20,1,'2018-04-06 12:54:23','2018-04-06 12:54:32',667,NULL,10),(618,0,5318,20,1,'2018-04-06 12:54:23','2018-04-06 12:54:32',668,NULL,10),(619,0,5318,20,1,'2018-04-06 12:54:24','2018-04-06 12:54:32',669,NULL,10),(620,0,5318,20,1,'2018-04-06 12:54:24','2018-04-06 12:54:33',670,NULL,10),(621,0,5318,20,1,'2018-04-06 12:54:24','2018-04-06 12:54:33',671,NULL,10),(622,0,5318,20,1,'2018-04-06 12:54:24','2018-04-06 12:54:34',672,NULL,10),(623,0,5318,20,1,'2018-04-06 12:54:25','2018-04-06 12:55:02',673,NULL,10),(624,0,5318,20,1,'2018-04-06 12:54:25','2018-04-06 12:55:02',674,NULL,10),(625,0,5318,20,1,'2018-04-06 12:54:25','2018-04-06 12:55:03',675,NULL,10),(626,0,5318,20,1,'2018-04-06 12:54:25','2018-04-06 12:55:03',676,NULL,10),(627,0,5318,20,1,'2018-04-06 12:54:25','2018-04-06 12:55:04',677,NULL,10),(628,0,5318,20,1,'2018-04-06 12:54:26','2018-04-06 12:55:04',678,NULL,10),(629,0,5318,20,1,'2018-04-06 12:54:26','2018-04-06 12:55:04',679,NULL,10),(630,0,5318,20,1,'2018-04-06 12:54:26','2018-04-06 12:55:05',680,NULL,10),(631,0,5318,20,1,'2018-04-06 12:54:26','2018-04-06 12:55:05',681,NULL,10),(632,0,5318,20,1,'2018-04-06 12:54:27','2018-04-06 12:55:06',682,NULL,10),(633,0,5318,20,1,'2018-04-06 12:54:27','2018-04-06 12:55:06',683,NULL,10),(634,0,5318,20,1,'2018-04-06 12:54:27','2018-04-06 12:55:06',684,NULL,10),(635,0,5318,20,1,'2018-04-06 12:54:27','2018-04-06 12:55:07',685,NULL,10),(636,0,5318,20,1,'2018-04-06 12:54:27','2018-04-06 12:55:07',686,NULL,10),(637,0,5318,20,1,'2018-04-06 12:54:28','2018-04-06 12:55:08',687,NULL,10),(638,0,5318,20,1,'2018-04-06 12:54:28','2018-04-06 12:55:08',688,NULL,10),(639,0,5318,20,1,'2018-04-06 12:54:28','2018-04-06 12:55:08',689,NULL,10),(640,0,5318,20,1,'2018-04-06 12:54:28','2018-04-06 12:55:09',690,NULL,10),(641,0,5318,20,1,'2018-04-06 12:54:28','2018-04-06 12:55:09',691,NULL,10),(642,0,5318,20,1,'2018-04-06 12:54:29','2018-04-06 12:55:10',692,NULL,10),(643,0,5318,20,1,'2018-04-06 12:54:29','2018-04-06 12:55:10',693,NULL,10),(644,0,5318,20,1,'2018-04-06 12:54:29','2018-04-06 12:55:10',694,NULL,10),(645,0,5318,20,1,'2018-04-06 12:54:29','2018-04-06 12:55:11',695,NULL,10),(646,0,5318,20,1,'2018-04-06 12:58:13','2018-04-06 12:58:13',698,NULL,10),(647,0,5318,20,1,'2018-04-06 12:59:15','2018-04-06 12:59:15',699,NULL,10),(648,0,5318,20,1,'2018-04-06 12:59:15','2018-04-06 12:59:16',700,NULL,10),(649,0,5318,20,1,'2018-04-06 13:00:08','2018-04-06 13:00:08',701,NULL,10),(650,0,5318,20,1,'2018-04-06 13:00:08','2018-04-06 13:00:08',702,NULL,10),(651,0,5309,2,3,'2018-04-22 13:01:31','2018-04-22 13:01:31',703,1001,3),(652,0,5318,2,1,'2018-04-22 13:01:31','2018-04-22 13:01:32',704,NULL,3),(653,0,5309,2,3,'2018-04-06 16:02:29','2018-04-06 16:02:30',705,1001,3),(654,0,5318,2,1,'2018-04-06 16:02:29','2018-04-06 16:02:30',706,NULL,3),(655,0,5318,21,1,'2018-04-06 16:02:35','2018-04-06 16:02:36',707,NULL,10),(656,0,5318,20,1,'2018-04-06 13:03:10','2018-04-06 13:03:10',708,NULL,10),(657,0,5318,21,1,'2018-04-06 16:03:34','2018-04-06 16:03:34',709,NULL,10),(658,0,5318,20,1,'2018-04-06 13:03:53','2018-04-06 13:03:53',710,NULL,10),(659,0,5318,21,1,'2018-04-06 15:34:11','2018-04-06 15:34:12',711,NULL,10),(660,0,5318,20,1,'2018-04-06 15:44:12','2018-04-06 15:44:12',712,NULL,10),(661,0,5318,21,1,'2018-04-06 15:54:14','2018-04-06 15:54:14',713,NULL,10),(662,0,5318,20,1,'2018-04-06 16:04:15','2018-04-06 16:04:15',714,NULL,10),(663,0,5318,21,1,'2018-04-06 16:14:15','2018-04-06 16:14:16',715,NULL,10),(664,0,5318,20,1,'2018-04-06 16:24:16','2018-04-06 16:24:16',716,NULL,10),(665,0,5318,21,1,'2018-04-06 16:34:17','2018-04-06 16:34:17',717,NULL,10),(666,0,5318,20,1,'2018-04-06 16:44:17','2018-04-06 16:44:18',718,NULL,10),(667,0,5318,21,1,'2018-04-06 16:54:19','2018-04-06 16:54:19',719,NULL,10),(668,0,5318,20,1,'2018-04-06 17:04:20','2018-04-06 17:04:20',720,NULL,10),(669,0,5318,21,1,'2018-04-06 17:14:22','2018-04-06 17:14:22',721,NULL,10),(670,0,5318,20,1,'2018-04-06 17:24:25','2018-04-06 17:24:25',722,NULL,10),(671,0,5318,21,1,'2018-04-06 17:34:26','2018-04-06 17:34:26',723,NULL,10),(672,0,5318,20,1,'2018-04-06 17:44:27','2018-04-06 17:44:27',724,NULL,10),(673,0,5318,21,1,'2018-04-06 17:54:29','2018-04-06 17:54:29',725,NULL,10),(674,0,5309,2,3,'2018-04-06 19:02:31','2018-04-06 19:02:32',726,1001,3),(675,0,5318,2,1,'2018-04-06 19:02:31','2018-04-06 19:02:32',727,NULL,3),(676,0,5309,2,3,'2018-04-07 07:20:38','2018-04-07 07:20:39',729,1001,3),(677,0,5318,2,1,'2018-04-07 07:20:38','2018-04-07 07:20:40',730,NULL,3),(678,0,5318,20,1,'2018-04-07 07:20:38','2018-04-07 07:20:39',728,NULL,10),(679,0,5309,2,3,'2018-04-07 10:20:40','2018-04-07 10:20:41',731,1001,3),(680,0,5318,2,1,'2018-04-07 10:20:40','2018-04-07 10:20:41',732,NULL,3),(681,0,5309,2,3,'2018-04-07 13:20:40','2018-04-07 13:20:40',733,1001,3),(682,0,5318,2,1,'2018-04-07 13:20:40','2018-04-07 13:20:41',734,NULL,3),(683,0,5318,21,1,'2018-04-07 15:32:06','2018-04-07 15:32:06',735,NULL,10),(684,0,5318,20,1,'2018-04-07 15:42:09','2018-04-07 15:42:09',736,NULL,10),(685,0,5318,21,1,'2018-04-07 15:52:11','2018-04-07 15:52:11',737,NULL,10),(686,0,5318,20,1,'2018-04-07 16:02:13','2018-04-07 16:02:13',738,NULL,10),(687,0,5318,21,1,'2018-04-07 16:12:15','2018-04-07 16:12:15',739,NULL,10),(688,0,5309,2,3,'2018-04-07 16:20:41','2018-04-07 16:20:41',740,1001,3),(689,0,5318,2,1,'2018-04-07 16:20:41','2018-04-07 16:20:42',741,NULL,3),(690,0,5318,20,1,'2018-04-07 16:22:16','2018-04-07 16:22:16',742,NULL,10),(691,0,5318,21,1,'2018-04-07 16:32:16','2018-04-07 16:32:16',743,NULL,10),(692,0,5318,20,1,'2018-04-07 16:42:16','2018-04-07 16:42:16',744,NULL,10),(693,0,5318,21,1,'2018-04-07 16:52:20','2018-04-07 16:52:20',745,NULL,10),(694,0,5318,20,1,'2018-04-07 17:02:22','2018-04-07 17:02:22',746,NULL,10),(695,0,5318,21,1,'2018-04-07 17:12:22','2018-04-07 17:12:22',747,NULL,10),(696,0,5318,20,1,'2018-04-07 17:22:22','2018-04-07 17:22:22',748,NULL,10),(697,0,5318,21,1,'2018-04-07 17:32:22','2018-04-07 17:32:22',749,NULL,10),(698,0,5318,20,1,'2018-04-07 17:42:22','2018-04-07 17:42:22',750,NULL,10),(699,0,5318,21,1,'2018-04-07 17:52:23','2018-04-07 17:52:23',751,NULL,10),(700,0,5309,2,3,'2018-04-07 19:20:41','2018-04-07 19:20:41',752,1001,3),(701,0,5318,2,1,'2018-04-07 19:20:41','2018-04-07 19:20:42',753,NULL,3),(702,0,5309,2,3,'2018-04-08 09:19:09','2018-04-08 09:19:11',755,1001,3),(703,0,5318,2,1,'2018-04-08 09:19:09','2018-04-08 09:19:12',756,NULL,3),(704,0,5318,20,1,'2018-04-08 09:19:09','2018-04-08 09:19:10',754,NULL,10),(705,0,5309,2,3,'2018-04-08 12:19:12','2018-04-08 12:19:12',757,1001,3),(706,0,5318,2,1,'2018-04-08 12:19:12','2018-04-08 12:19:12',758,NULL,3),(707,0,5309,2,3,'2018-04-08 15:19:12','2018-04-08 15:19:13',759,1001,3),(708,0,5318,2,1,'2018-04-08 15:19:12','2018-04-08 15:19:13',760,NULL,3),(709,0,5318,21,1,'2018-04-08 15:39:51','2018-04-08 15:39:52',761,NULL,10),(710,0,5318,20,1,'2018-04-08 15:49:53','2018-04-08 15:49:53',762,NULL,10),(711,0,5318,21,1,'2018-04-08 15:59:55','2018-04-08 15:59:55',763,NULL,10),(712,0,5318,20,1,'2018-04-08 16:09:56','2018-04-08 16:09:56',764,NULL,10),(713,0,5318,21,1,'2018-04-08 16:19:58','2018-04-08 16:19:58',765,NULL,10),(714,0,5318,20,1,'2018-04-08 16:30:00','2018-04-08 16:30:00',766,NULL,10),(715,0,5318,21,1,'2018-04-08 16:40:01','2018-04-08 16:40:01',767,NULL,10),(716,0,5318,20,1,'2018-04-08 16:50:02','2018-04-08 16:50:02',768,NULL,10),(717,0,5318,21,1,'2018-04-08 17:00:03','2018-04-08 17:00:03',769,NULL,10),(718,0,5318,20,1,'2018-04-08 17:10:04','2018-04-08 17:10:04',770,NULL,10),(719,0,5318,21,1,'2018-04-08 17:20:04','2018-04-08 17:20:05',771,NULL,10),(720,0,5318,20,1,'2018-04-08 17:30:05','2018-04-08 17:30:05',772,NULL,10),(721,0,5318,21,1,'2018-04-08 17:40:06','2018-04-08 17:40:06',773,NULL,10),(722,0,5318,20,1,'2018-04-08 17:50:06','2018-04-08 17:50:06',774,NULL,10),(723,0,5305,2,3,'2018-04-08 18:19:15','2018-04-08 18:19:15',775,1001,3),(724,0,5306,2,3,'2018-04-08 18:19:15','2018-04-08 18:19:16',776,1001,3),(725,0,5307,2,3,'2018-04-08 18:19:15','2018-04-08 18:19:16',777,1001,3),(726,0,5308,2,3,'2018-04-08 18:19:15','2018-04-08 18:19:17',778,1001,3),(727,0,5309,2,3,'2018-04-08 18:19:15','2018-04-08 18:19:17',779,1001,3),(728,0,5311,2,3,'2018-04-08 18:19:15','2018-04-08 18:19:18',780,1001,3),(729,0,5312,2,3,'2018-04-08 18:19:15','2018-04-08 18:19:18',781,1001,3),(730,0,5313,2,3,'2018-04-08 18:19:15','2018-04-08 18:19:19',782,1001,3),(731,0,5314,2,3,'2018-04-08 18:19:15','2018-04-08 18:19:20',783,1001,3),(732,0,5315,2,3,'2018-04-08 18:19:15','2018-04-08 18:19:20',784,1001,3),(733,0,5316,2,3,'2018-04-08 18:19:15','2018-04-08 18:19:21',785,1001,3),(734,0,5317,2,3,'2018-04-08 18:19:15','2018-04-08 18:19:21',786,1001,3),(735,0,5318,2,1,'2018-04-08 18:19:15','2018-04-08 18:19:22',787,NULL,3),(736,0,5305,2,3,'2018-04-08 21:19:18','2018-04-08 21:19:18',788,1001,3),(737,0,5306,2,3,'2018-04-08 21:19:18','2018-04-08 21:19:19',789,1001,3),(738,0,5307,2,3,'2018-04-08 21:19:18','2018-04-08 21:19:19',790,1001,3),(739,0,5308,2,3,'2018-04-08 21:19:18','2018-04-08 21:19:20',791,1001,3),(740,0,5309,2,3,'2018-04-08 21:19:18','2018-04-08 21:19:20',792,1001,3),(741,0,5311,2,3,'2018-04-08 21:19:18','2018-04-08 21:19:21',793,1001,3),(742,0,5312,2,3,'2018-04-08 21:19:18','2018-04-08 21:19:21',794,1001,3),(743,0,5313,2,3,'2018-04-08 21:19:18','2018-04-08 21:19:22',795,1001,3),(744,0,5314,2,3,'2018-04-08 21:19:18','2018-04-08 21:19:22',796,1001,3),(745,0,5315,2,3,'2018-04-08 21:19:18','2018-04-08 21:19:23',797,1001,3),(746,0,5316,2,3,'2018-04-08 21:19:18','2018-04-08 21:19:23',798,1001,3),(747,0,5317,2,3,'2018-04-08 21:19:18','2018-04-08 21:19:24',799,1001,3),(748,0,5318,2,1,'2018-04-08 21:19:18','2018-04-08 21:19:24',800,NULL,3),(749,0,5305,2,3,'2018-04-09 08:23:15','2018-04-09 08:23:16',801,1001,3),(750,0,5306,2,3,'2018-04-09 08:23:15','2018-04-09 08:23:16',802,1001,3),(751,0,5307,2,3,'2018-04-09 08:23:15','2018-04-09 08:23:17',803,1001,3),(752,0,5308,2,3,'2018-04-09 08:23:15','2018-04-09 08:23:17',804,1001,3),(753,0,5309,2,3,'2018-04-09 08:23:15','2018-04-09 08:23:18',805,1001,3),(754,0,5311,2,3,'2018-04-09 08:23:15','2018-04-09 08:23:18',806,1001,3),(755,0,5312,2,3,'2018-04-09 08:23:15','2018-04-09 08:23:18',807,1001,3),(756,0,5313,2,3,'2018-04-09 08:23:15','2018-04-09 08:23:19',808,1001,3),(757,0,5314,2,3,'2018-04-09 08:23:15','2018-04-09 08:23:19',809,1001,3),(758,0,5315,2,3,'2018-04-09 08:23:15','2018-04-09 08:23:20',810,1001,3),(759,0,5316,2,3,'2018-04-09 08:23:15','2018-04-09 08:23:20',811,1001,3),(760,0,5317,2,3,'2018-04-09 08:23:15','2018-04-09 08:23:21',812,1001,3),(761,0,5318,2,1,'2018-04-09 08:23:15','2018-04-09 08:23:21',813,NULL,3),(762,0,5305,2,3,'2018-04-09 11:23:17','2018-04-09 11:23:18',814,1001,3),(763,0,5306,2,3,'2018-04-09 11:23:17','2018-04-09 11:23:18',815,1001,3),(764,0,5307,2,3,'2018-04-09 11:23:17','2018-04-09 11:23:19',816,1001,3),(765,0,5308,2,3,'2018-04-09 11:23:17','2018-04-09 11:23:19',817,1001,3),(766,0,5309,2,3,'2018-04-09 11:23:17','2018-04-09 11:23:20',818,1001,3),(767,0,5311,2,3,'2018-04-09 11:23:17','2018-04-09 11:23:20',819,1001,3),(768,0,5312,2,3,'2018-04-09 11:23:17','2018-04-09 11:23:21',820,1001,3),(769,0,5313,2,3,'2018-04-09 11:23:17','2018-04-09 11:23:21',821,1001,3),(770,0,5314,2,3,'2018-04-09 11:23:17','2018-04-09 11:23:22',822,1001,3),(771,0,5315,2,3,'2018-04-09 11:23:17','2018-04-09 11:23:22',823,1001,3),(772,0,5316,2,3,'2018-04-09 11:23:17','2018-04-09 11:23:22',824,1001,3),(773,0,5317,2,3,'2018-04-09 11:23:17','2018-04-09 11:23:23',825,1001,3),(774,0,5318,2,1,'2018-04-09 11:23:17','2018-04-09 11:23:23',826,NULL,3),(775,0,5305,2,3,'2018-04-09 14:23:21','2018-04-09 14:23:21',827,1001,3),(776,0,5306,2,3,'2018-04-09 14:23:21','2018-04-09 14:23:22',828,1001,3),(777,0,5307,2,3,'2018-04-09 14:23:21','2018-04-09 14:23:22',829,1001,3),(778,0,5308,2,3,'2018-04-09 14:23:21','2018-04-09 14:23:23',830,1001,3),(779,0,5309,2,3,'2018-04-09 14:23:21','2018-04-09 14:23:23',831,1001,3),(780,0,5311,2,3,'2018-04-09 14:23:21','2018-04-09 14:23:24',832,1001,3),(781,0,5312,2,3,'2018-04-09 14:23:21','2018-04-09 14:23:24',833,1001,3),(782,0,5313,2,3,'2018-04-09 14:23:21','2018-04-09 14:23:25',834,1001,3),(783,0,5314,2,3,'2018-04-09 14:23:21','2018-04-09 14:23:25',835,1001,3),(784,0,5315,2,3,'2018-04-09 14:23:21','2018-04-09 14:23:25',836,1001,3),(785,0,5316,2,3,'2018-04-09 14:23:21','2018-04-09 14:23:26',837,1001,3),(786,0,5317,2,3,'2018-04-09 14:23:21','2018-04-09 14:23:26',838,1001,3),(787,0,5318,2,1,'2018-04-09 14:23:21','2018-04-09 14:23:27',839,NULL,3),(788,0,5318,21,1,'2018-04-09 15:34:12','2018-04-09 15:34:12',840,NULL,10),(789,0,5318,20,1,'2018-04-09 15:44:12','2018-04-09 15:44:12',841,NULL,10),(790,0,5318,21,1,'2018-04-09 15:54:17','2018-04-09 15:54:17',842,NULL,10),(791,0,5318,20,1,'2018-04-09 16:04:17','2018-04-09 16:04:17',843,NULL,10),(792,0,5318,21,1,'2018-04-09 16:14:22','2018-04-09 16:14:22',844,NULL,10),(793,0,5318,20,1,'2018-04-09 16:24:25','2018-04-09 16:24:25',845,NULL,10),(794,0,5318,21,1,'2018-04-09 16:34:28','2018-04-09 16:34:28',846,NULL,10),(795,0,5318,20,1,'2018-04-09 16:44:30','2018-04-09 16:44:30',847,NULL,10),(796,0,5318,21,1,'2018-04-09 16:54:31','2018-04-09 16:54:31',848,NULL,10),(797,0,5318,20,1,'2018-04-09 17:04:32','2018-04-09 17:04:33',849,NULL,10),(798,0,5318,21,1,'2018-04-09 17:14:34','2018-04-09 17:14:34',850,NULL,10),(799,0,5305,2,3,'2018-04-09 17:23:22','2018-04-09 17:23:23',851,1001,3),(800,0,5306,2,3,'2018-04-09 17:23:22','2018-04-09 17:23:23',852,1001,3),(801,0,5307,2,3,'2018-04-09 17:23:22','2018-04-09 17:23:24',853,1001,3),(802,0,5308,2,3,'2018-04-09 17:23:22','2018-04-09 17:23:24',854,1001,3),(803,0,5309,2,3,'2018-04-09 17:23:22','2018-04-09 17:23:25',855,1001,3),(804,0,5311,2,3,'2018-04-09 17:23:22','2018-04-09 17:23:26',856,1001,3),(805,0,5312,2,3,'2018-04-09 17:23:22','2018-04-09 17:23:26',857,1001,3),(806,0,5313,2,3,'2018-04-09 17:23:22','2018-04-09 17:23:27',858,1001,3),(807,0,5314,2,3,'2018-04-09 17:23:22','2018-04-09 17:23:27',859,1001,3),(808,0,5315,2,3,'2018-04-09 17:23:22','2018-04-09 17:23:28',860,1001,3),(809,0,5316,2,3,'2018-04-09 17:23:22','2018-04-09 17:23:28',861,1001,3),(810,0,5317,2,3,'2018-04-09 17:23:22','2018-04-09 17:23:29',862,1001,3),(811,0,5318,2,1,'2018-04-09 17:23:22','2018-04-09 17:23:30',863,NULL,3),(812,0,5318,20,1,'2018-04-09 17:24:38','2018-04-09 17:24:38',864,NULL,10),(813,0,5318,21,1,'2018-04-09 17:34:40','2018-04-09 17:34:41',865,NULL,10),(814,0,5318,20,1,'2018-04-09 17:44:41','2018-04-09 17:44:41',866,NULL,10),(815,0,5318,21,1,'2018-04-09 17:54:42','2018-04-09 17:54:42',867,NULL,10),(816,5318,5318,3,1,'2018-05-22 09:04:16','2018-05-26 13:55:57',887,NULL,10),(817,1,1,3,1,'2018-05-22 09:04:55','2018-06-03 12:36:53',970,NULL,10),(818,1,1,3,1,'2018-05-22 09:06:00','2018-06-03 12:36:53',971,NULL,10),(832,0,5318,20,1,'2018-05-26 10:54:12','2018-05-26 13:55:57',888,NULL,10),(833,0,5318,20,1,'2018-05-26 12:24:34','2018-05-26 13:55:57',889,NULL,10),(834,0,5318,20,1,'2018-05-26 12:44:47','2018-05-26 13:55:58',890,NULL,10),(835,0,5318,20,1,'2018-05-26 13:00:30','2018-05-26 13:55:58',891,NULL,10),(836,0,5318,20,1,'2018-05-26 13:15:07','2018-05-26 13:55:58',892,NULL,10),(837,0,5318,20,1,'2018-05-26 13:30:23','2018-05-26 13:55:59',893,NULL,10),(838,0,5318,20,1,'2018-05-26 13:45:19','2018-05-26 13:55:59',894,NULL,10),(839,0,5318,2,1,'2018-05-26 13:54:14','2018-05-26 13:55:59',895,NULL,3),(840,0,5305,2,3,'2018-06-03 11:37:03','2018-06-03 11:37:04',898,1001,3),(841,0,5306,2,3,'2018-06-03 11:37:03','2018-06-03 11:37:04',899,1001,3),(842,0,5307,2,3,'2018-06-03 11:37:03','2018-06-03 11:37:05',900,1001,3),(843,0,5308,2,3,'2018-06-03 11:37:03','2018-06-03 11:37:05',901,1001,3),(844,0,5309,2,3,'2018-06-03 11:37:03','2018-06-03 11:37:05',902,1001,3),(845,0,5311,2,3,'2018-06-03 11:37:03','2018-06-03 11:37:06',903,1001,3),(846,0,5318,2,3,'2018-06-03 11:37:03','2018-06-03 11:37:06',904,1001,3),(847,5319,5319,4,3,'2018-06-03 11:38:51','2018-06-03 11:38:55',905,1001,10),(848,5319,5319,2,3,'2018-06-03 11:38:51','2018-06-03 11:38:56',906,1001,10),(849,5319,5319,21,3,'2018-06-03 11:38:51','2018-06-03 11:38:56',907,1001,10),(850,5319,5319,3,3,'2018-06-03 11:38:51','2018-06-03 11:38:56',908,1001,10),(943,5346,5346,4,1,'2018-06-03 12:20:30','2018-06-03 12:20:33',966,NULL,10),(944,5346,5346,2,1,'2018-06-03 12:20:30','2018-06-03 12:20:34',967,NULL,10),(945,5346,5346,21,1,'2018-06-03 12:20:30','2018-06-03 12:20:34',968,NULL,10),(946,5346,5346,3,1,'2018-06-03 12:20:30','2018-06-03 12:20:35',969,NULL,10),(947,1,1,3,1,'2018-06-03 12:36:02','2018-06-03 12:36:54',972,NULL,10),(948,5347,5347,4,1,'2018-06-03 13:22:56','2018-06-03 13:22:58',975,NULL,10),(949,5347,5347,2,1,'2018-06-03 13:22:56','2018-06-03 13:22:59',976,NULL,10),(950,5347,5347,21,1,'2018-06-03 13:22:56','2018-06-03 13:22:59',977,NULL,10),(951,5347,5347,3,1,'2018-06-03 13:22:56','2018-06-03 13:23:00',978,NULL,10),(952,5347,5347,3,1,'2018-06-03 13:42:58','2018-06-03 13:43:00',980,NULL,10),(953,5347,5347,3,1,'2018-06-03 13:45:18','2018-06-03 13:45:21',981,NULL,10),(954,0,1,2,0,'2019-08-06 07:10:27',NULL,NULL,NULL,3),(955,0,5305,2,0,'2019-08-06 07:10:27',NULL,NULL,NULL,3),(956,0,5306,2,0,'2019-08-06 07:10:27',NULL,NULL,NULL,3),(957,0,5307,2,0,'2019-08-06 07:10:27',NULL,NULL,NULL,3),(958,0,5308,2,0,'2019-08-06 07:10:27',NULL,NULL,NULL,3),(959,0,5309,2,0,'2019-08-06 07:10:27',NULL,NULL,NULL,3),(960,0,5311,2,0,'2019-08-06 07:10:27',NULL,NULL,NULL,3),(961,0,5312,2,0,'2019-08-06 07:10:27',NULL,NULL,NULL,3),(962,0,5313,2,0,'2019-08-06 07:10:27',NULL,NULL,NULL,3),(963,0,5314,2,0,'2019-08-06 07:10:27',NULL,NULL,NULL,3),(964,0,5315,2,0,'2019-08-06 07:10:27',NULL,NULL,NULL,3),(965,0,5316,2,0,'2019-08-06 07:10:27',NULL,NULL,NULL,3),(966,0,5317,2,0,'2019-08-06 07:10:27',NULL,NULL,NULL,3),(967,0,5318,2,0,'2019-08-06 07:10:27',NULL,NULL,NULL,3),(968,0,5332,2,0,'2019-08-06 07:10:27',NULL,NULL,NULL,3),(969,0,5346,2,0,'2019-08-06 07:10:27',NULL,NULL,NULL,3),(970,0,5347,2,0,'2019-08-06 07:10:27',NULL,NULL,NULL,3),(971,0,5318,20,0,'2019-08-06 07:10:27',NULL,NULL,NULL,10),(972,2,2,3,0,'2020-03-18 12:28:58',NULL,NULL,NULL,10);
/*!40000 ALTER TABLE `backend_instructions` ENABLE KEYS */;
UNLOCK TABLES;

--
-- Table structure for table `backend_procedures`
--

DROP TABLE IF EXISTS `backend_procedures`;
/*!40101 SET @saved_cs_client     = @@character_set_client */;
/*!40101 SET character_set_client = utf8 */;
CREATE TABLE `backend_procedures` (
  `id` int(11) NOT NULL AUTO_INCREMENT,
  `method` varchar(50) COLLATE utf8_bin NOT NULL,
  `complete_time` timestamp NOT NULL DEFAULT CURRENT_TIMESTAMP ON UPDATE CURRENT_TIMESTAMP,
  `count_complete` int(11) NOT NULL DEFAULT '0',
  `enabled` tinyint(4) NOT NULL DEFAULT '1',
  PRIMARY KEY (`id`)
) ENGINE=InnoDB AUTO_INCREMENT=5 DEFAULT CHARSET=utf8 COLLATE=utf8_bin;
/*!40101 SET character_set_client = @saved_cs_client */;

--
-- Dumping data for table `backend_procedures`
--

LOCK TABLES `backend_procedures` WRITE;
/*!40000 ALTER TABLE `backend_procedures` DISABLE KEYS */;
INSERT INTO `backend_procedures` VALUES (1,'createRows','2019-08-06 18:05:00',0,1),(2,'setRealTime','2019-08-06 10:10:27',0,1),(3,'checkPendedRequests','2019-08-06 07:20:27',0,1),(4,'checkTozeleshOnOff','2019-08-06 07:20:27',0,1);
/*!40000 ALTER TABLE `backend_procedures` ENABLE KEYS */;
UNLOCK TABLES;

--
-- Table structure for table `backend_queries`
--

DROP TABLE IF EXISTS `backend_queries`;
/*!40101 SET @saved_cs_client     = @@character_set_client */;
/*!40101 SET character_set_client = utf8 */;
CREATE TABLE `backend_queries` (
  `id` int(11) NOT NULL AUTO_INCREMENT,
  `meter_id` int(11) NOT NULL,
  `action_id` int(11) NOT NULL,
  `request` text COLLATE utf8_bin NOT NULL,
  `response` text COLLATE utf8_bin,
  `instruction_id` int(11) NOT NULL DEFAULT '0',
  `code_error` int(11) NOT NULL DEFAULT '0',
  `created_at` timestamp NULL DEFAULT NULL ON UPDATE CURRENT_TIMESTAMP,
  `completed_at` timestamp NULL DEFAULT NULL,
  PRIMARY KEY (`id`),
  KEY `action_id` (`action_id`)
) ENGINE=InnoDB AUTO_INCREMENT=1008 DEFAULT CHARSET=utf8 COLLATE=utf8_bin;
/*!40101 SET character_set_client = @saved_cs_client */;

--
-- Dumping data for table `backend_queries`
--

LOCK TABLES `backend_queries` WRITE;
/*!40000 ALTER TABLE `backend_queries` DISABLE KEYS */;
INSERT INTO `backend_queries` VALUES (982,1,1,'{\"meter_ip\":\"localhost.welcome\\/meters\\/1\\u0443342\",\"meter_serial\":null,\"time_point\":\"2019-08-06 13:00:00\"}','{\"queryid\":\"982\",\"msgid\":null,\"param\":\"error\",\"value\":\"1001\"}',0,1001,'2019-08-06 07:10:28','2019-08-06 07:10:28'),(983,5305,1,'{\"meter_ip\":\"localhost.welcome\\/meters\\/14542\",\"meter_serial\":\"201506201113\",\"time_point\":\"2019-08-06 13:00:00\"}','{\"queryid\":\"983\",\"msgid\":null,\"param\":\"error\",\"value\":\"1001\"}',0,1001,'2019-08-06 07:10:29','2019-08-06 07:10:29'),(984,5306,1,'{\"meter_ip\":\"localhost.welcome\\/meters\\/112\",\"meter_serial\":\"201506201117\",\"time_point\":\"2019-08-06 13:00:00\"}','{\"queryid\":\"984\",\"msgid\":null,\"param\":\"error\",\"value\":\"1001\"}',0,1001,'2019-08-06 07:10:29','2019-08-06 07:10:29'),(985,5307,1,'{\"meter_ip\":\"localhost.welcome\\/meters\\/14543\",\"meter_serial\":\"201506201112\",\"time_point\":\"2019-08-06 13:00:00\"}','{\"queryid\":\"985\",\"msgid\":null,\"param\":\"error\",\"value\":\"1001\"}',0,1001,'2019-08-06 07:10:30','2019-08-06 07:10:30'),(986,5308,1,'{\"meter_ip\":\"localhost.welcome\\/meters\\/1321\",\"meter_serial\":\"201506201118\",\"time_point\":\"2019-08-06 13:00:00\"}','{\"queryid\":\"986\",\"msgid\":null,\"param\":\"error\",\"value\":\"1001\"}',0,1001,'2019-08-06 07:10:31','2019-08-06 07:10:31'),(987,5309,1,'{\"meter_ip\":\"localhost.welcome\\/meters\\/12\",\"meter_serial\":\"201506201155\",\"time_point\":\"2019-08-06 13:00:00\"}','{\"queryid\":\"987\",\"msgid\":null,\"param\":\"error\",\"value\":\"1001\"}',0,1001,'2019-08-06 07:10:31','2019-08-06 07:10:31'),(988,5311,1,'{\"meter_ip\":\"localhost.welcome\\/meters\\/1543\",\"meter_serial\":\"201506201111\",\"time_point\":\"2019-08-06 13:00:00\"}','{\"queryid\":\"988\",\"msgid\":null,\"param\":\"error\",\"value\":\"1001\"}',0,1001,'2019-08-06 07:10:32','2019-08-06 07:10:32'),(989,5312,1,'{\"meter_ip\":\"localhost.welcome\\/meters\\/15\",\"meter_serial\":\"201506201157\",\"time_point\":\"2019-08-06 13:00:00\"}','{\"queryid\":\"989\",\"msgid\":null,\"param\":\"error\",\"value\":\"1001\"}',0,1001,'2019-08-06 07:10:33','2019-08-06 07:10:33'),(990,5313,1,'{\"meter_ip\":\"localhost.welcome\\/meters\\/18\",\"meter_serial\":\"201506201152\",\"time_point\":\"2019-08-06 13:00:00\"}','{\"queryid\":\"990\",\"msgid\":null,\"param\":\"error\",\"value\":\"1001\"}',0,1001,'2019-08-06 07:10:34','2019-08-06 07:10:34'),(991,5314,1,'{\"meter_ip\":\"localhost.welcome\\/meters\\/19\",\"meter_serial\":\"201506201150\",\"time_point\":\"2019-08-06 13:00:00\"}','{\"queryid\":\"991\",\"msgid\":null,\"param\":\"error\",\"value\":\"1001\"}',0,1001,'2019-08-06 07:10:34','2019-08-06 07:10:34'),(992,5315,1,'{\"meter_ip\":\"localhost.welcome\\/meters\\/123\",\"meter_serial\":\"201506201151\",\"time_point\":\"2019-08-06 13:00:00\"}','{\"queryid\":\"992\",\"msgid\":null,\"param\":\"error\",\"value\":\"1001\"}',0,1001,'2019-08-06 07:10:35','2019-08-06 07:10:35'),(993,5316,1,'{\"meter_ip\":\"localhost.welcome\\/meters\\/1111\",\"meter_serial\":\"201506201153\",\"time_point\":\"2019-08-06 13:00:00\"}','{\"queryid\":\"993\",\"msgid\":null,\"param\":\"error\",\"value\":\"1001\"}',0,1001,'2019-08-06 07:11:17','2019-08-06 07:11:17'),(994,5317,1,'{\"meter_ip\":\"localhost.welcome\\/meters\\/121\",\"meter_serial\":\"201506201156\",\"time_point\":\"2019-08-06 13:00:00\"}','{\"queryid\":\"994\",\"msgid\":null,\"param\":\"error\",\"value\":\"1001\"}',0,1001,'2019-08-06 07:11:18','2019-08-06 07:11:18'),(995,5318,1,'{\"meter_ip\":\"localhost.welcome\\/meters\\/1543\",\"meter_serial\":\"201506201154\",\"time_point\":\"2019-08-06 13:00:00\"}','{\"queryid\":\"995\",\"msgid\":null,\"param\":\"error\",\"value\":\"1001\"}',0,1001,'2019-08-06 07:11:19','2019-08-06 07:11:19'),(996,5332,1,'{\"meter_ip\":\"localhost.welcome\\/meters\\/122\",\"meter_serial\":\"201506201128\",\"time_point\":\"2019-08-06 13:00:00\"}','{\"queryid\":\"996\",\"msgid\":null,\"param\":\"error\",\"value\":\"1001\"}',0,1001,'2019-08-06 07:11:20','2019-08-06 07:11:20'),(997,5346,1,'{\"meter_ip\":\"localhost.welcome\\/meters\\/188\",\"meter_serial\":\"233\",\"time_point\":\"2019-08-06 13:00:00\"}','{\"queryid\":\"997\",\"msgid\":null,\"param\":\"error\",\"value\":\"1001\"}',0,1001,'2019-08-06 07:11:20','2019-08-06 07:11:20'),(998,0,1,'{\"meter_ip\":\"localhost.welcome\\/meters\\/1\",\"serial\":\"2\"}','{\"queryid\":\"975\",\"msgid\":null,\"param\":\"error\",\"value\":\"1001\"}',0,1001,'2020-03-18 11:10:19','2020-03-18 11:10:19'),(999,0,1,'{\"meter_ip\":\"localhost.welcome\\/meters\\/1\",\"serial\":\"2\"}','{\"queryid\":\"975\",\"msgid\":null,\"param\":\"error\",\"value\":\"1001\"}',0,1001,'2020-03-18 11:10:19','2020-03-18 11:10:19'),(1000,0,1,'{\"meter_ip\":\"localhost.welcome\\/meters\\/1\",\"serial\":\"2\"}','{\"queryid\":\"975\",\"msgid\":null,\"param\":\"error\",\"value\":\"1001\"}',0,1001,'2020-03-18 11:10:19','2020-03-18 11:10:19'),(1001,0,1,'{\"meter_ip\":\"localhost.welcome\\/meters\\/1\",\"serial\":\"2\"}','{\"queryid\":\"975\",\"msgid\":null,\"param\":\"error\",\"value\":\"1001\"}',0,1001,'2020-03-18 11:10:19','2020-03-18 11:10:19'),(1002,0,1,'{\"meter_ip\":\"localhost.welcome\\/meters\\/1\",\"serial\":\"2\"}','{\"queryid\":\"975\",\"msgid\":null,\"param\":\"error\",\"value\":\"1001\"}',0,1001,'2020-03-18 11:10:19','2020-03-18 11:10:19'),(1003,0,1,'{\"meter_ip\":\"localhost.welcome\\/meters\\/1\",\"serial\":\"2\"}','{\"queryid\":\"975\",\"msgid\":null,\"param\":\"error\",\"value\":\"1001\"}',0,1001,'2020-03-18 11:10:19','2020-03-18 11:10:19'),(1004,0,1,'{\"meter_ip\":\"localhost.welcome\\/meters\\/1\",\"serial\":\"2\"}','{\"queryid\":\"975\",\"msgid\":null,\"param\":\"error\",\"value\":\"1001\"}',0,1001,'2020-03-18 11:10:19','2020-03-18 11:10:19'),(1005,0,1,'{\"meter_ip\":\"localhost.welcome\\/meters\\/1\",\"serial\":\"2\"}','{\"queryid\":\"975\",\"msgid\":null,\"param\":\"error\",\"value\":\"1001\"}',0,1001,'2020-03-18 11:10:19','2020-03-18 11:10:19'),(1006,0,1,'{\"meter_ip\":\"localhost.welcome\\/meters\\/1\",\"serial\":\"2\"}','{\"queryid\":\"975\",\"msgid\":null,\"param\":\"error\",\"value\":\"1001\"}',0,1001,'2020-03-18 11:10:19','2020-03-18 11:10:19'),(1007,0,1,'{\"meter_ip\":\"localhost.welcome\\/meters\\/1\",\"serial\":\"2\"}','{\"queryid\":\"975\",\"msgid\":null,\"param\":\"error\",\"value\":\"1001\"}',0,1001,'2020-03-18 11:10:19','2020-03-18 11:10:19');
/*!40000 ALTER TABLE `backend_queries` ENABLE KEYS */;
UNLOCK TABLES;

--
-- Table structure for table `backend_temp_rows`
--

DROP TABLE IF EXISTS `backend_temp_rows`;
/*!40101 SET @saved_cs_client     = @@character_set_client */;
/*!40101 SET character_set_client = utf8 */;
CREATE TABLE `backend_temp_rows` (
  `id` int(11) NOT NULL AUTO_INCREMENT,
  `point` timestamp NOT NULL DEFAULT CURRENT_TIMESTAMP ON UPDATE CURRENT_TIMESTAMP,
  `meter_id` int(11) NOT NULL,
  PRIMARY KEY (`id`),
  KEY `point` (`point`),
  KEY `meter_id` (`meter_id`)
) ENGINE=InnoDB AUTO_INCREMENT=1653 DEFAULT CHARSET=utf8 COLLATE=utf8_bin;
/*!40101 SET character_set_client = @saved_cs_client */;

--
-- Dumping data for table `backend_temp_rows`
--

LOCK TABLES `backend_temp_rows` WRITE;
/*!40000 ALTER TABLE `backend_temp_rows` DISABLE KEYS */;
INSERT INTO `backend_temp_rows` VALUES (21,'2019-08-05 18:15:00',1),(22,'2019-08-05 18:30:00',1),(23,'2019-08-05 18:45:00',1),(24,'2019-08-05 19:00:00',1),(25,'2019-08-05 19:15:00',1),(26,'2019-08-05 19:30:00',1),(27,'2019-08-05 19:45:00',1),(28,'2019-08-05 20:00:00',1),(29,'2019-08-05 20:15:00',1),(30,'2019-08-05 20:30:00',1),(31,'2019-08-05 20:45:00',1),(32,'2019-08-05 21:00:00',1),(33,'2019-08-05 21:15:00',1),(34,'2019-08-05 21:30:00',1),(35,'2019-08-05 21:45:00',1),(36,'2019-08-05 22:00:00',1),(37,'2019-08-05 22:15:00',1),(38,'2019-08-05 22:30:00',1),(39,'2019-08-05 22:45:00',1),(40,'2019-08-05 23:00:00',1),(41,'2019-08-05 23:15:00',1),(42,'2019-08-05 23:30:00',1),(43,'2019-08-05 23:45:00',1),(44,'2019-08-06 00:00:00',1),(45,'2019-08-06 00:15:00',1),(46,'2019-08-06 00:30:00',1),(47,'2019-08-06 00:45:00',1),(48,'2019-08-06 01:00:00',1),(49,'2019-08-06 01:15:00',1),(50,'2019-08-06 01:30:00',1),(51,'2019-08-06 01:45:00',1),(52,'2019-08-06 02:00:00',1),(53,'2019-08-06 02:15:00',1),(54,'2019-08-06 02:30:00',1),(55,'2019-08-06 02:45:00',1),(56,'2019-08-06 03:00:00',1),(57,'2019-08-06 03:15:00',1),(58,'2019-08-06 03:30:00',1),(59,'2019-08-06 03:45:00',1),(60,'2019-08-06 04:00:00',1),(61,'2019-08-06 04:15:00',1),(62,'2019-08-06 04:30:00',1),(63,'2019-08-06 04:45:00',1),(64,'2019-08-06 05:00:00',1),(65,'2019-08-06 05:15:00',1),(66,'2019-08-06 05:30:00',1),(67,'2019-08-06 05:45:00',1),(68,'2019-08-06 06:00:00',1),(69,'2019-08-06 06:15:00',1),(70,'2019-08-06 06:30:00',1),(71,'2019-08-06 06:45:00',1),(73,'2019-08-06 07:15:00',1),(74,'2019-08-06 07:30:00',1),(75,'2019-08-06 07:45:00',1),(76,'2019-08-06 08:00:00',1),(77,'2019-08-06 08:15:00',1),(78,'2019-08-06 08:30:00',1),(79,'2019-08-06 08:45:00',1),(80,'2019-08-06 09:00:00',1),(81,'2019-08-06 09:15:00',1),(82,'2019-08-06 09:30:00',1),(83,'2019-08-06 09:45:00',1),(84,'2019-08-06 10:00:00',1),(85,'2019-08-06 10:15:00',1),(86,'2019-08-06 10:30:00',1),(87,'2019-08-06 10:45:00',1),(88,'2019-08-06 11:00:00',1),(89,'2019-08-06 11:15:00',1),(90,'2019-08-06 11:30:00',1),(91,'2019-08-06 11:45:00',1),(92,'2019-08-06 12:00:00',1),(93,'2019-08-06 12:15:00',1),(94,'2019-08-06 12:30:00',1),(95,'2019-08-06 12:45:00',1),(96,'2019-08-06 13:00:00',1),(97,'2019-08-06 13:15:00',1),(98,'2019-08-06 13:30:00',1),(99,'2019-08-06 13:45:00',1),(100,'2019-08-06 14:00:00',1),(101,'2019-08-06 14:15:00',1),(102,'2019-08-06 14:30:00',1),(103,'2019-08-06 14:45:00',1),(104,'2019-08-06 15:00:00',1),(105,'2019-08-06 15:15:00',1),(106,'2019-08-06 15:30:00',1),(107,'2019-08-06 15:45:00',1),(108,'2019-08-06 16:00:00',1),(109,'2019-08-06 16:15:00',1),(110,'2019-08-06 16:30:00',1),(111,'2019-08-06 16:45:00',1),(112,'2019-08-06 17:00:00',1),(113,'2019-08-06 17:15:00',1),(114,'2019-08-06 17:30:00',1),(115,'2019-08-06 17:45:00',1),(116,'2019-08-06 18:00:00',1),(117,'2019-08-05 18:15:00',5305),(118,'2019-08-05 18:30:00',5305),(119,'2019-08-05 18:45:00',5305),(120,'2019-08-05 19:00:00',5305),(121,'2019-08-05 19:15:00',5305),(122,'2019-08-05 19:30:00',5305),(123,'2019-08-05 19:45:00',5305),(124,'2019-08-05 20:00:00',5305),(125,'2019-08-05 20:15:00',5305),(126,'2019-08-05 20:30:00',5305),(127,'2019-08-05 20:45:00',5305),(128,'2019-08-05 21:00:00',5305),(129,'2019-08-05 21:15:00',5305),(130,'2019-08-05 21:30:00',5305),(131,'2019-08-05 21:45:00',5305),(132,'2019-08-05 22:00:00',5305),(133,'2019-08-05 22:15:00',5305),(134,'2019-08-05 22:30:00',5305),(135,'2019-08-05 22:45:00',5305),(136,'2019-08-05 23:00:00',5305),(137,'2019-08-05 23:15:00',5305),(138,'2019-08-05 23:30:00',5305),(139,'2019-08-05 23:45:00',5305),(140,'2019-08-06 00:00:00',5305),(141,'2019-08-06 00:15:00',5305),(142,'2019-08-06 00:30:00',5305),(143,'2019-08-06 00:45:00',5305),(144,'2019-08-06 01:00:00',5305),(145,'2019-08-06 01:15:00',5305),(146,'2019-08-06 01:30:00',5305),(147,'2019-08-06 01:45:00',5305),(148,'2019-08-06 02:00:00',5305),(149,'2019-08-06 02:15:00',5305),(150,'2019-08-06 02:30:00',5305),(151,'2019-08-06 02:45:00',5305),(152,'2019-08-06 03:00:00',5305),(153,'2019-08-06 03:15:00',5305),(154,'2019-08-06 03:30:00',5305),(155,'2019-08-06 03:45:00',5305),(156,'2019-08-06 04:00:00',5305),(157,'2019-08-06 04:15:00',5305),(158,'2019-08-06 04:30:00',5305),(159,'2019-08-06 04:45:00',5305),(160,'2019-08-06 05:00:00',5305),(161,'2019-08-06 05:15:00',5305),(162,'2019-08-06 05:30:00',5305),(163,'2019-08-06 05:45:00',5305),(164,'2019-08-06 06:00:00',5305),(165,'2019-08-06 06:15:00',5305),(166,'2019-08-06 06:30:00',5305),(167,'2019-08-06 06:45:00',5305),(169,'2019-08-06 07:15:00',5305),(170,'2019-08-06 07:30:00',5305),(171,'2019-08-06 07:45:00',5305),(172,'2019-08-06 08:00:00',5305),(173,'2019-08-06 08:15:00',5305),(174,'2019-08-06 08:30:00',5305),(175,'2019-08-06 08:45:00',5305),(176,'2019-08-06 09:00:00',5305),(177,'2019-08-06 09:15:00',5305),(178,'2019-08-06 09:30:00',5305),(179,'2019-08-06 09:45:00',5305),(180,'2019-08-06 10:00:00',5305),(181,'2019-08-06 10:15:00',5305),(182,'2019-08-06 10:30:00',5305),(183,'2019-08-06 10:45:00',5305),(184,'2019-08-06 11:00:00',5305),(185,'2019-08-06 11:15:00',5305),(186,'2019-08-06 11:30:00',5305),(187,'2019-08-06 11:45:00',5305),(188,'2019-08-06 12:00:00',5305),(189,'2019-08-06 12:15:00',5305),(190,'2019-08-06 12:30:00',5305),(191,'2019-08-06 12:45:00',5305),(192,'2019-08-06 13:00:00',5305),(193,'2019-08-06 13:15:00',5305),(194,'2019-08-06 13:30:00',5305),(195,'2019-08-06 13:45:00',5305),(196,'2019-08-06 14:00:00',5305),(197,'2019-08-06 14:15:00',5305),(198,'2019-08-06 14:30:00',5305),(199,'2019-08-06 14:45:00',5305),(200,'2019-08-06 15:00:00',5305),(201,'2019-08-06 15:15:00',5305),(202,'2019-08-06 15:30:00',5305),(203,'2019-08-06 15:45:00',5305),(204,'2019-08-06 16:00:00',5305),(205,'2019-08-06 16:15:00',5305),(206,'2019-08-06 16:30:00',5305),(207,'2019-08-06 16:45:00',5305),(208,'2019-08-06 17:00:00',5305),(209,'2019-08-06 17:15:00',5305),(210,'2019-08-06 17:30:00',5305),(211,'2019-08-06 17:45:00',5305),(212,'2019-08-06 18:00:00',5305),(213,'2019-08-05 18:15:00',5306),(214,'2019-08-05 18:30:00',5306),(215,'2019-08-05 18:45:00',5306),(216,'2019-08-05 19:00:00',5306),(217,'2019-08-05 19:15:00',5306),(218,'2019-08-05 19:30:00',5306),(219,'2019-08-05 19:45:00',5306),(220,'2019-08-05 20:00:00',5306),(221,'2019-08-05 20:15:00',5306),(222,'2019-08-05 20:30:00',5306),(223,'2019-08-05 20:45:00',5306),(224,'2019-08-05 21:00:00',5306),(225,'2019-08-05 21:15:00',5306),(226,'2019-08-05 21:30:00',5306),(227,'2019-08-05 21:45:00',5306),(228,'2019-08-05 22:00:00',5306),(229,'2019-08-05 22:15:00',5306),(230,'2019-08-05 22:30:00',5306),(231,'2019-08-05 22:45:00',5306),(232,'2019-08-05 23:00:00',5306),(233,'2019-08-05 23:15:00',5306),(234,'2019-08-05 23:30:00',5306),(235,'2019-08-05 23:45:00',5306),(236,'2019-08-06 00:00:00',5306),(237,'2019-08-06 00:15:00',5306),(238,'2019-08-06 00:30:00',5306),(239,'2019-08-06 00:45:00',5306),(240,'2019-08-06 01:00:00',5306),(241,'2019-08-06 01:15:00',5306),(242,'2019-08-06 01:30:00',5306),(243,'2019-08-06 01:45:00',5306),(244,'2019-08-06 02:00:00',5306),(245,'2019-08-06 02:15:00',5306),(246,'2019-08-06 02:30:00',5306),(247,'2019-08-06 02:45:00',5306),(248,'2019-08-06 03:00:00',5306),(249,'2019-08-06 03:15:00',5306),(250,'2019-08-06 03:30:00',5306),(251,'2019-08-06 03:45:00',5306),(252,'2019-08-06 04:00:00',5306),(253,'2019-08-06 04:15:00',5306),(254,'2019-08-06 04:30:00',5306),(255,'2019-08-06 04:45:00',5306),(256,'2019-08-06 05:00:00',5306),(257,'2019-08-06 05:15:00',5306),(258,'2019-08-06 05:30:00',5306),(259,'2019-08-06 05:45:00',5306),(260,'2019-08-06 06:00:00',5306),(261,'2019-08-06 06:15:00',5306),(262,'2019-08-06 06:30:00',5306),(263,'2019-08-06 06:45:00',5306),(265,'2019-08-06 07:15:00',5306),(266,'2019-08-06 07:30:00',5306),(267,'2019-08-06 07:45:00',5306),(268,'2019-08-06 08:00:00',5306),(269,'2019-08-06 08:15:00',5306),(270,'2019-08-06 08:30:00',5306),(271,'2019-08-06 08:45:00',5306),(272,'2019-08-06 09:00:00',5306),(273,'2019-08-06 09:15:00',5306),(274,'2019-08-06 09:30:00',5306),(275,'2019-08-06 09:45:00',5306),(276,'2019-08-06 10:00:00',5306),(277,'2019-08-06 10:15:00',5306),(278,'2019-08-06 10:30:00',5306),(279,'2019-08-06 10:45:00',5306),(280,'2019-08-06 11:00:00',5306),(281,'2019-08-06 11:15:00',5306),(282,'2019-08-06 11:30:00',5306),(283,'2019-08-06 11:45:00',5306),(284,'2019-08-06 12:00:00',5306),(285,'2019-08-06 12:15:00',5306),(286,'2019-08-06 12:30:00',5306),(287,'2019-08-06 12:45:00',5306),(288,'2019-08-06 13:00:00',5306),(289,'2019-08-06 13:15:00',5306),(290,'2019-08-06 13:30:00',5306),(291,'2019-08-06 13:45:00',5306),(292,'2019-08-06 14:00:00',5306),(293,'2019-08-06 14:15:00',5306),(294,'2019-08-06 14:30:00',5306),(295,'2019-08-06 14:45:00',5306),(296,'2019-08-06 15:00:00',5306),(297,'2019-08-06 15:15:00',5306),(298,'2019-08-06 15:30:00',5306),(299,'2019-08-06 15:45:00',5306),(300,'2019-08-06 16:00:00',5306),(301,'2019-08-06 16:15:00',5306),(302,'2019-08-06 16:30:00',5306),(303,'2019-08-06 16:45:00',5306),(304,'2019-08-06 17:00:00',5306),(305,'2019-08-06 17:15:00',5306),(306,'2019-08-06 17:30:00',5306),(307,'2019-08-06 17:45:00',5306),(308,'2019-08-06 18:00:00',5306),(309,'2019-08-05 18:15:00',5307),(310,'2019-08-05 18:30:00',5307),(311,'2019-08-05 18:45:00',5307),(312,'2019-08-05 19:00:00',5307),(313,'2019-08-05 19:15:00',5307),(314,'2019-08-05 19:30:00',5307),(315,'2019-08-05 19:45:00',5307),(316,'2019-08-05 20:00:00',5307),(317,'2019-08-05 20:15:00',5307),(318,'2019-08-05 20:30:00',5307),(319,'2019-08-05 20:45:00',5307),(320,'2019-08-05 21:00:00',5307),(321,'2019-08-05 21:15:00',5307),(322,'2019-08-05 21:30:00',5307),(323,'2019-08-05 21:45:00',5307),(324,'2019-08-05 22:00:00',5307),(325,'2019-08-05 22:15:00',5307),(326,'2019-08-05 22:30:00',5307),(327,'2019-08-05 22:45:00',5307),(328,'2019-08-05 23:00:00',5307),(329,'2019-08-05 23:15:00',5307),(330,'2019-08-05 23:30:00',5307),(331,'2019-08-05 23:45:00',5307),(332,'2019-08-06 00:00:00',5307),(333,'2019-08-06 00:15:00',5307),(334,'2019-08-06 00:30:00',5307),(335,'2019-08-06 00:45:00',5307),(336,'2019-08-06 01:00:00',5307),(337,'2019-08-06 01:15:00',5307),(338,'2019-08-06 01:30:00',5307),(339,'2019-08-06 01:45:00',5307),(340,'2019-08-06 02:00:00',5307),(341,'2019-08-06 02:15:00',5307),(342,'2019-08-06 02:30:00',5307),(343,'2019-08-06 02:45:00',5307),(344,'2019-08-06 03:00:00',5307),(345,'2019-08-06 03:15:00',5307),(346,'2019-08-06 03:30:00',5307),(347,'2019-08-06 03:45:00',5307),(348,'2019-08-06 04:00:00',5307),(349,'2019-08-06 04:15:00',5307),(350,'2019-08-06 04:30:00',5307),(351,'2019-08-06 04:45:00',5307),(352,'2019-08-06 05:00:00',5307),(353,'2019-08-06 05:15:00',5307),(354,'2019-08-06 05:30:00',5307),(355,'2019-08-06 05:45:00',5307),(356,'2019-08-06 06:00:00',5307),(357,'2019-08-06 06:15:00',5307),(358,'2019-08-06 06:30:00',5307),(359,'2019-08-06 06:45:00',5307),(361,'2019-08-06 07:15:00',5307),(362,'2019-08-06 07:30:00',5307),(363,'2019-08-06 07:45:00',5307),(364,'2019-08-06 08:00:00',5307),(365,'2019-08-06 08:15:00',5307),(366,'2019-08-06 08:30:00',5307),(367,'2019-08-06 08:45:00',5307),(368,'2019-08-06 09:00:00',5307),(369,'2019-08-06 09:15:00',5307),(370,'2019-08-06 09:30:00',5307),(371,'2019-08-06 09:45:00',5307),(372,'2019-08-06 10:00:00',5307),(373,'2019-08-06 10:15:00',5307),(374,'2019-08-06 10:30:00',5307),(375,'2019-08-06 10:45:00',5307),(376,'2019-08-06 11:00:00',5307),(377,'2019-08-06 11:15:00',5307),(378,'2019-08-06 11:30:00',5307),(379,'2019-08-06 11:45:00',5307),(380,'2019-08-06 12:00:00',5307),(381,'2019-08-06 12:15:00',5307),(382,'2019-08-06 12:30:00',5307),(383,'2019-08-06 12:45:00',5307),(384,'2019-08-06 13:00:00',5307),(385,'2019-08-06 13:15:00',5307),(386,'2019-08-06 13:30:00',5307),(387,'2019-08-06 13:45:00',5307),(388,'2019-08-06 14:00:00',5307),(389,'2019-08-06 14:15:00',5307),(390,'2019-08-06 14:30:00',5307),(391,'2019-08-06 14:45:00',5307),(392,'2019-08-06 15:00:00',5307),(393,'2019-08-06 15:15:00',5307),(394,'2019-08-06 15:30:00',5307),(395,'2019-08-06 15:45:00',5307),(396,'2019-08-06 16:00:00',5307),(397,'2019-08-06 16:15:00',5307),(398,'2019-08-06 16:30:00',5307),(399,'2019-08-06 16:45:00',5307),(400,'2019-08-06 17:00:00',5307),(401,'2019-08-06 17:15:00',5307),(402,'2019-08-06 17:30:00',5307),(403,'2019-08-06 17:45:00',5307),(404,'2019-08-06 18:00:00',5307),(405,'2019-08-05 18:15:00',5308),(406,'2019-08-05 18:30:00',5308),(407,'2019-08-05 18:45:00',5308),(408,'2019-08-05 19:00:00',5308),(409,'2019-08-05 19:15:00',5308),(410,'2019-08-05 19:30:00',5308),(411,'2019-08-05 19:45:00',5308),(412,'2019-08-05 20:00:00',5308),(413,'2019-08-05 20:15:00',5308),(414,'2019-08-05 20:30:00',5308),(415,'2019-08-05 20:45:00',5308),(416,'2019-08-05 21:00:00',5308),(417,'2019-08-05 21:15:00',5308),(418,'2019-08-05 21:30:00',5308),(419,'2019-08-05 21:45:00',5308),(420,'2019-08-05 22:00:00',5308),(421,'2019-08-05 22:15:00',5308),(422,'2019-08-05 22:30:00',5308),(423,'2019-08-05 22:45:00',5308),(424,'2019-08-05 23:00:00',5308),(425,'2019-08-05 23:15:00',5308),(426,'2019-08-05 23:30:00',5308),(427,'2019-08-05 23:45:00',5308),(428,'2019-08-06 00:00:00',5308),(429,'2019-08-06 00:15:00',5308),(430,'2019-08-06 00:30:00',5308),(431,'2019-08-06 00:45:00',5308),(432,'2019-08-06 01:00:00',5308),(433,'2019-08-06 01:15:00',5308),(434,'2019-08-06 01:30:00',5308),(435,'2019-08-06 01:45:00',5308),(436,'2019-08-06 02:00:00',5308),(437,'2019-08-06 02:15:00',5308),(438,'2019-08-06 02:30:00',5308),(439,'2019-08-06 02:45:00',5308),(440,'2019-08-06 03:00:00',5308),(441,'2019-08-06 03:15:00',5308),(442,'2019-08-06 03:30:00',5308),(443,'2019-08-06 03:45:00',5308),(444,'2019-08-06 04:00:00',5308),(445,'2019-08-06 04:15:00',5308),(446,'2019-08-06 04:30:00',5308),(447,'2019-08-06 04:45:00',5308),(448,'2019-08-06 05:00:00',5308),(449,'2019-08-06 05:15:00',5308),(450,'2019-08-06 05:30:00',5308),(451,'2019-08-06 05:45:00',5308),(452,'2019-08-06 06:00:00',5308),(453,'2019-08-06 06:15:00',5308),(454,'2019-08-06 06:30:00',5308),(455,'2019-08-06 06:45:00',5308),(457,'2019-08-06 07:15:00',5308),(458,'2019-08-06 07:30:00',5308),(459,'2019-08-06 07:45:00',5308),(460,'2019-08-06 08:00:00',5308),(461,'2019-08-06 08:15:00',5308),(462,'2019-08-06 08:30:00',5308),(463,'2019-08-06 08:45:00',5308),(464,'2019-08-06 09:00:00',5308),(465,'2019-08-06 09:15:00',5308),(466,'2019-08-06 09:30:00',5308),(467,'2019-08-06 09:45:00',5308),(468,'2019-08-06 10:00:00',5308),(469,'2019-08-06 10:15:00',5308),(470,'2019-08-06 10:30:00',5308),(471,'2019-08-06 10:45:00',5308),(472,'2019-08-06 11:00:00',5308),(473,'2019-08-06 11:15:00',5308),(474,'2019-08-06 11:30:00',5308),(475,'2019-08-06 11:45:00',5308),(476,'2019-08-06 12:00:00',5308),(477,'2019-08-06 12:15:00',5308),(478,'2019-08-06 12:30:00',5308),(479,'2019-08-06 12:45:00',5308),(480,'2019-08-06 13:00:00',5308),(481,'2019-08-06 13:15:00',5308),(482,'2019-08-06 13:30:00',5308),(483,'2019-08-06 13:45:00',5308),(484,'2019-08-06 14:00:00',5308),(485,'2019-08-06 14:15:00',5308),(486,'2019-08-06 14:30:00',5308),(487,'2019-08-06 14:45:00',5308),(488,'2019-08-06 15:00:00',5308),(489,'2019-08-06 15:15:00',5308),(490,'2019-08-06 15:30:00',5308),(491,'2019-08-06 15:45:00',5308),(492,'2019-08-06 16:00:00',5308),(493,'2019-08-06 16:15:00',5308),(494,'2019-08-06 16:30:00',5308),(495,'2019-08-06 16:45:00',5308),(496,'2019-08-06 17:00:00',5308),(497,'2019-08-06 17:15:00',5308),(498,'2019-08-06 17:30:00',5308),(499,'2019-08-06 17:45:00',5308),(500,'2019-08-06 18:00:00',5308),(501,'2019-08-05 18:15:00',5309),(502,'2019-08-05 18:30:00',5309),(503,'2019-08-05 18:45:00',5309),(504,'2019-08-05 19:00:00',5309),(505,'2019-08-05 19:15:00',5309),(506,'2019-08-05 19:30:00',5309),(507,'2019-08-05 19:45:00',5309),(508,'2019-08-05 20:00:00',5309),(509,'2019-08-05 20:15:00',5309),(510,'2019-08-05 20:30:00',5309),(511,'2019-08-05 20:45:00',5309),(512,'2019-08-05 21:00:00',5309),(513,'2019-08-05 21:15:00',5309),(514,'2019-08-05 21:30:00',5309),(515,'2019-08-05 21:45:00',5309),(516,'2019-08-05 22:00:00',5309),(517,'2019-08-05 22:15:00',5309),(518,'2019-08-05 22:30:00',5309),(519,'2019-08-05 22:45:00',5309),(520,'2019-08-05 23:00:00',5309),(521,'2019-08-05 23:15:00',5309),(522,'2019-08-05 23:30:00',5309),(523,'2019-08-05 23:45:00',5309),(524,'2019-08-06 00:00:00',5309),(525,'2019-08-06 00:15:00',5309),(526,'2019-08-06 00:30:00',5309),(527,'2019-08-06 00:45:00',5309),(528,'2019-08-06 01:00:00',5309),(529,'2019-08-06 01:15:00',5309),(530,'2019-08-06 01:30:00',5309),(531,'2019-08-06 01:45:00',5309),(532,'2019-08-06 02:00:00',5309),(533,'2019-08-06 02:15:00',5309),(534,'2019-08-06 02:30:00',5309),(535,'2019-08-06 02:45:00',5309),(536,'2019-08-06 03:00:00',5309),(537,'2019-08-06 03:15:00',5309),(538,'2019-08-06 03:30:00',5309),(539,'2019-08-06 03:45:00',5309),(540,'2019-08-06 04:00:00',5309),(541,'2019-08-06 04:15:00',5309),(542,'2019-08-06 04:30:00',5309),(543,'2019-08-06 04:45:00',5309),(544,'2019-08-06 05:00:00',5309),(545,'2019-08-06 05:15:00',5309),(546,'2019-08-06 05:30:00',5309),(547,'2019-08-06 05:45:00',5309),(548,'2019-08-06 06:00:00',5309),(549,'2019-08-06 06:15:00',5309),(550,'2019-08-06 06:30:00',5309),(551,'2019-08-06 06:45:00',5309),(553,'2019-08-06 07:15:00',5309),(554,'2019-08-06 07:30:00',5309),(555,'2019-08-06 07:45:00',5309),(556,'2019-08-06 08:00:00',5309),(557,'2019-08-06 08:15:00',5309),(558,'2019-08-06 08:30:00',5309),(559,'2019-08-06 08:45:00',5309),(560,'2019-08-06 09:00:00',5309),(561,'2019-08-06 09:15:00',5309),(562,'2019-08-06 09:30:00',5309),(563,'2019-08-06 09:45:00',5309),(564,'2019-08-06 10:00:00',5309),(565,'2019-08-06 10:15:00',5309),(566,'2019-08-06 10:30:00',5309),(567,'2019-08-06 10:45:00',5309),(568,'2019-08-06 11:00:00',5309),(569,'2019-08-06 11:15:00',5309),(570,'2019-08-06 11:30:00',5309),(571,'2019-08-06 11:45:00',5309),(572,'2019-08-06 12:00:00',5309),(573,'2019-08-06 12:15:00',5309),(574,'2019-08-06 12:30:00',5309),(575,'2019-08-06 12:45:00',5309),(576,'2019-08-06 13:00:00',5309),(577,'2019-08-06 13:15:00',5309),(578,'2019-08-06 13:30:00',5309),(579,'2019-08-06 13:45:00',5309),(580,'2019-08-06 14:00:00',5309),(581,'2019-08-06 14:15:00',5309),(582,'2019-08-06 14:30:00',5309),(583,'2019-08-06 14:45:00',5309),(584,'2019-08-06 15:00:00',5309),(585,'2019-08-06 15:15:00',5309),(586,'2019-08-06 15:30:00',5309),(587,'2019-08-06 15:45:00',5309),(588,'2019-08-06 16:00:00',5309),(589,'2019-08-06 16:15:00',5309),(590,'2019-08-06 16:30:00',5309),(591,'2019-08-06 16:45:00',5309),(592,'2019-08-06 17:00:00',5309),(593,'2019-08-06 17:15:00',5309),(594,'2019-08-06 17:30:00',5309),(595,'2019-08-06 17:45:00',5309),(596,'2019-08-06 18:00:00',5309),(597,'2019-08-05 18:15:00',5311),(598,'2019-08-05 18:30:00',5311),(599,'2019-08-05 18:45:00',5311),(600,'2019-08-05 19:00:00',5311),(601,'2019-08-05 19:15:00',5311),(602,'2019-08-05 19:30:00',5311),(603,'2019-08-05 19:45:00',5311),(604,'2019-08-05 20:00:00',5311),(605,'2019-08-05 20:15:00',5311),(606,'2019-08-05 20:30:00',5311),(607,'2019-08-05 20:45:00',5311),(608,'2019-08-05 21:00:00',5311),(609,'2019-08-05 21:15:00',5311),(610,'2019-08-05 21:30:00',5311),(611,'2019-08-05 21:45:00',5311),(612,'2019-08-05 22:00:00',5311),(613,'2019-08-05 22:15:00',5311),(614,'2019-08-05 22:30:00',5311),(615,'2019-08-05 22:45:00',5311),(616,'2019-08-05 23:00:00',5311),(617,'2019-08-05 23:15:00',5311),(618,'2019-08-05 23:30:00',5311),(619,'2019-08-05 23:45:00',5311),(620,'2019-08-06 00:00:00',5311),(621,'2019-08-06 00:15:00',5311),(622,'2019-08-06 00:30:00',5311),(623,'2019-08-06 00:45:00',5311),(624,'2019-08-06 01:00:00',5311),(625,'2019-08-06 01:15:00',5311),(626,'2019-08-06 01:30:00',5311),(627,'2019-08-06 01:45:00',5311),(628,'2019-08-06 02:00:00',5311),(629,'2019-08-06 02:15:00',5311),(630,'2019-08-06 02:30:00',5311),(631,'2019-08-06 02:45:00',5311),(632,'2019-08-06 03:00:00',5311),(633,'2019-08-06 03:15:00',5311),(634,'2019-08-06 03:30:00',5311),(635,'2019-08-06 03:45:00',5311),(636,'2019-08-06 04:00:00',5311),(637,'2019-08-06 04:15:00',5311),(638,'2019-08-06 04:30:00',5311),(639,'2019-08-06 04:45:00',5311),(640,'2019-08-06 05:00:00',5311),(641,'2019-08-06 05:15:00',5311),(642,'2019-08-06 05:30:00',5311),(643,'2019-08-06 05:45:00',5311),(644,'2019-08-06 06:00:00',5311),(645,'2019-08-06 06:15:00',5311),(646,'2019-08-06 06:30:00',5311),(647,'2019-08-06 06:45:00',5311),(649,'2019-08-06 07:15:00',5311),(650,'2019-08-06 07:30:00',5311),(651,'2019-08-06 07:45:00',5311),(652,'2019-08-06 08:00:00',5311),(653,'2019-08-06 08:15:00',5311),(654,'2019-08-06 08:30:00',5311),(655,'2019-08-06 08:45:00',5311),(656,'2019-08-06 09:00:00',5311),(657,'2019-08-06 09:15:00',5311),(658,'2019-08-06 09:30:00',5311),(659,'2019-08-06 09:45:00',5311),(660,'2019-08-06 10:00:00',5311),(661,'2019-08-06 10:15:00',5311),(662,'2019-08-06 10:30:00',5311),(663,'2019-08-06 10:45:00',5311),(664,'2019-08-06 11:00:00',5311),(665,'2019-08-06 11:15:00',5311),(666,'2019-08-06 11:30:00',5311),(667,'2019-08-06 11:45:00',5311),(668,'2019-08-06 12:00:00',5311),(669,'2019-08-06 12:15:00',5311),(670,'2019-08-06 12:30:00',5311),(671,'2019-08-06 12:45:00',5311),(672,'2019-08-06 13:00:00',5311),(673,'2019-08-06 13:15:00',5311),(674,'2019-08-06 13:30:00',5311),(675,'2019-08-06 13:45:00',5311),(676,'2019-08-06 14:00:00',5311),(677,'2019-08-06 14:15:00',5311),(678,'2019-08-06 14:30:00',5311),(679,'2019-08-06 14:45:00',5311),(680,'2019-08-06 15:00:00',5311),(681,'2019-08-06 15:15:00',5311),(682,'2019-08-06 15:30:00',5311),(683,'2019-08-06 15:45:00',5311),(684,'2019-08-06 16:00:00',5311),(685,'2019-08-06 16:15:00',5311),(686,'2019-08-06 16:30:00',5311),(687,'2019-08-06 16:45:00',5311),(688,'2019-08-06 17:00:00',5311),(689,'2019-08-06 17:15:00',5311),(690,'2019-08-06 17:30:00',5311),(691,'2019-08-06 17:45:00',5311),(692,'2019-08-06 18:00:00',5311),(693,'2019-08-05 18:15:00',5312),(694,'2019-08-05 18:30:00',5312),(695,'2019-08-05 18:45:00',5312),(696,'2019-08-05 19:00:00',5312),(697,'2019-08-05 19:15:00',5312),(698,'2019-08-05 19:30:00',5312),(699,'2019-08-05 19:45:00',5312),(700,'2019-08-05 20:00:00',5312),(701,'2019-08-05 20:15:00',5312),(702,'2019-08-05 20:30:00',5312),(703,'2019-08-05 20:45:00',5312),(704,'2019-08-05 21:00:00',5312),(705,'2019-08-05 21:15:00',5312),(706,'2019-08-05 21:30:00',5312),(707,'2019-08-05 21:45:00',5312),(708,'2019-08-05 22:00:00',5312),(709,'2019-08-05 22:15:00',5312),(710,'2019-08-05 22:30:00',5312),(711,'2019-08-05 22:45:00',5312),(712,'2019-08-05 23:00:00',5312),(713,'2019-08-05 23:15:00',5312),(714,'2019-08-05 23:30:00',5312),(715,'2019-08-05 23:45:00',5312),(716,'2019-08-06 00:00:00',5312),(717,'2019-08-06 00:15:00',5312),(718,'2019-08-06 00:30:00',5312),(719,'2019-08-06 00:45:00',5312),(720,'2019-08-06 01:00:00',5312),(721,'2019-08-06 01:15:00',5312),(722,'2019-08-06 01:30:00',5312),(723,'2019-08-06 01:45:00',5312),(724,'2019-08-06 02:00:00',5312),(725,'2019-08-06 02:15:00',5312),(726,'2019-08-06 02:30:00',5312),(727,'2019-08-06 02:45:00',5312),(728,'2019-08-06 03:00:00',5312),(729,'2019-08-06 03:15:00',5312),(730,'2019-08-06 03:30:00',5312),(731,'2019-08-06 03:45:00',5312),(732,'2019-08-06 04:00:00',5312),(733,'2019-08-06 04:15:00',5312),(734,'2019-08-06 04:30:00',5312),(735,'2019-08-06 04:45:00',5312),(736,'2019-08-06 05:00:00',5312),(737,'2019-08-06 05:15:00',5312),(738,'2019-08-06 05:30:00',5312),(739,'2019-08-06 05:45:00',5312),(740,'2019-08-06 06:00:00',5312),(741,'2019-08-06 06:15:00',5312),(742,'2019-08-06 06:30:00',5312),(743,'2019-08-06 06:45:00',5312),(745,'2019-08-06 07:15:00',5312),(746,'2019-08-06 07:30:00',5312),(747,'2019-08-06 07:45:00',5312),(748,'2019-08-06 08:00:00',5312),(749,'2019-08-06 08:15:00',5312),(750,'2019-08-06 08:30:00',5312),(751,'2019-08-06 08:45:00',5312),(752,'2019-08-06 09:00:00',5312),(753,'2019-08-06 09:15:00',5312),(754,'2019-08-06 09:30:00',5312),(755,'2019-08-06 09:45:00',5312),(756,'2019-08-06 10:00:00',5312),(757,'2019-08-06 10:15:00',5312),(758,'2019-08-06 10:30:00',5312),(759,'2019-08-06 10:45:00',5312),(760,'2019-08-06 11:00:00',5312),(761,'2019-08-06 11:15:00',5312),(762,'2019-08-06 11:30:00',5312),(763,'2019-08-06 11:45:00',5312),(764,'2019-08-06 12:00:00',5312),(765,'2019-08-06 12:15:00',5312),(766,'2019-08-06 12:30:00',5312),(767,'2019-08-06 12:45:00',5312),(768,'2019-08-06 13:00:00',5312),(769,'2019-08-06 13:15:00',5312),(770,'2019-08-06 13:30:00',5312),(771,'2019-08-06 13:45:00',5312),(772,'2019-08-06 14:00:00',5312),(773,'2019-08-06 14:15:00',5312),(774,'2019-08-06 14:30:00',5312),(775,'2019-08-06 14:45:00',5312),(776,'2019-08-06 15:00:00',5312),(777,'2019-08-06 15:15:00',5312),(778,'2019-08-06 15:30:00',5312),(779,'2019-08-06 15:45:00',5312),(780,'2019-08-06 16:00:00',5312),(781,'2019-08-06 16:15:00',5312),(782,'2019-08-06 16:30:00',5312),(783,'2019-08-06 16:45:00',5312),(784,'2019-08-06 17:00:00',5312),(785,'2019-08-06 17:15:00',5312),(786,'2019-08-06 17:30:00',5312),(787,'2019-08-06 17:45:00',5312),(788,'2019-08-06 18:00:00',5312),(789,'2019-08-05 18:15:00',5313),(790,'2019-08-05 18:30:00',5313),(791,'2019-08-05 18:45:00',5313),(792,'2019-08-05 19:00:00',5313),(793,'2019-08-05 19:15:00',5313),(794,'2019-08-05 19:30:00',5313),(795,'2019-08-05 19:45:00',5313),(796,'2019-08-05 20:00:00',5313),(797,'2019-08-05 20:15:00',5313),(798,'2019-08-05 20:30:00',5313),(799,'2019-08-05 20:45:00',5313),(800,'2019-08-05 21:00:00',5313),(801,'2019-08-05 21:15:00',5313),(802,'2019-08-05 21:30:00',5313),(803,'2019-08-05 21:45:00',5313),(804,'2019-08-05 22:00:00',5313),(805,'2019-08-05 22:15:00',5313),(806,'2019-08-05 22:30:00',5313),(807,'2019-08-05 22:45:00',5313),(808,'2019-08-05 23:00:00',5313),(809,'2019-08-05 23:15:00',5313),(810,'2019-08-05 23:30:00',5313),(811,'2019-08-05 23:45:00',5313),(812,'2019-08-06 00:00:00',5313),(813,'2019-08-06 00:15:00',5313),(814,'2019-08-06 00:30:00',5313),(815,'2019-08-06 00:45:00',5313),(816,'2019-08-06 01:00:00',5313),(817,'2019-08-06 01:15:00',5313),(818,'2019-08-06 01:30:00',5313),(819,'2019-08-06 01:45:00',5313),(820,'2019-08-06 02:00:00',5313),(821,'2019-08-06 02:15:00',5313),(822,'2019-08-06 02:30:00',5313),(823,'2019-08-06 02:45:00',5313),(824,'2019-08-06 03:00:00',5313),(825,'2019-08-06 03:15:00',5313),(826,'2019-08-06 03:30:00',5313),(827,'2019-08-06 03:45:00',5313),(828,'2019-08-06 04:00:00',5313),(829,'2019-08-06 04:15:00',5313),(830,'2019-08-06 04:30:00',5313),(831,'2019-08-06 04:45:00',5313),(832,'2019-08-06 05:00:00',5313),(833,'2019-08-06 05:15:00',5313),(834,'2019-08-06 05:30:00',5313),(835,'2019-08-06 05:45:00',5313),(836,'2019-08-06 06:00:00',5313),(837,'2019-08-06 06:15:00',5313),(838,'2019-08-06 06:30:00',5313),(839,'2019-08-06 06:45:00',5313),(841,'2019-08-06 07:15:00',5313),(842,'2019-08-06 07:30:00',5313),(843,'2019-08-06 07:45:00',5313),(844,'2019-08-06 08:00:00',5313),(845,'2019-08-06 08:15:00',5313),(846,'2019-08-06 08:30:00',5313),(847,'2019-08-06 08:45:00',5313),(848,'2019-08-06 09:00:00',5313),(849,'2019-08-06 09:15:00',5313),(850,'2019-08-06 09:30:00',5313),(851,'2019-08-06 09:45:00',5313),(852,'2019-08-06 10:00:00',5313),(853,'2019-08-06 10:15:00',5313),(854,'2019-08-06 10:30:00',5313),(855,'2019-08-06 10:45:00',5313),(856,'2019-08-06 11:00:00',5313),(857,'2019-08-06 11:15:00',5313),(858,'2019-08-06 11:30:00',5313),(859,'2019-08-06 11:45:00',5313),(860,'2019-08-06 12:00:00',5313),(861,'2019-08-06 12:15:00',5313),(862,'2019-08-06 12:30:00',5313),(863,'2019-08-06 12:45:00',5313),(864,'2019-08-06 13:00:00',5313),(865,'2019-08-06 13:15:00',5313),(866,'2019-08-06 13:30:00',5313),(867,'2019-08-06 13:45:00',5313),(868,'2019-08-06 14:00:00',5313),(869,'2019-08-06 14:15:00',5313),(870,'2019-08-06 14:30:00',5313),(871,'2019-08-06 14:45:00',5313),(872,'2019-08-06 15:00:00',5313),(873,'2019-08-06 15:15:00',5313),(874,'2019-08-06 15:30:00',5313),(875,'2019-08-06 15:45:00',5313),(876,'2019-08-06 16:00:00',5313),(877,'2019-08-06 16:15:00',5313),(878,'2019-08-06 16:30:00',5313),(879,'2019-08-06 16:45:00',5313),(880,'2019-08-06 17:00:00',5313),(881,'2019-08-06 17:15:00',5313),(882,'2019-08-06 17:30:00',5313),(883,'2019-08-06 17:45:00',5313),(884,'2019-08-06 18:00:00',5313),(885,'2019-08-05 18:15:00',5314),(886,'2019-08-05 18:30:00',5314),(887,'2019-08-05 18:45:00',5314),(888,'2019-08-05 19:00:00',5314),(889,'2019-08-05 19:15:00',5314),(890,'2019-08-05 19:30:00',5314),(891,'2019-08-05 19:45:00',5314),(892,'2019-08-05 20:00:00',5314),(893,'2019-08-05 20:15:00',5314),(894,'2019-08-05 20:30:00',5314),(895,'2019-08-05 20:45:00',5314),(896,'2019-08-05 21:00:00',5314),(897,'2019-08-05 21:15:00',5314),(898,'2019-08-05 21:30:00',5314),(899,'2019-08-05 21:45:00',5314),(900,'2019-08-05 22:00:00',5314),(901,'2019-08-05 22:15:00',5314),(902,'2019-08-05 22:30:00',5314),(903,'2019-08-05 22:45:00',5314),(904,'2019-08-05 23:00:00',5314),(905,'2019-08-05 23:15:00',5314),(906,'2019-08-05 23:30:00',5314),(907,'2019-08-05 23:45:00',5314),(908,'2019-08-06 00:00:00',5314),(909,'2019-08-06 00:15:00',5314),(910,'2019-08-06 00:30:00',5314),(911,'2019-08-06 00:45:00',5314),(912,'2019-08-06 01:00:00',5314),(913,'2019-08-06 01:15:00',5314),(914,'2019-08-06 01:30:00',5314),(915,'2019-08-06 01:45:00',5314),(916,'2019-08-06 02:00:00',5314),(917,'2019-08-06 02:15:00',5314),(918,'2019-08-06 02:30:00',5314),(919,'2019-08-06 02:45:00',5314),(920,'2019-08-06 03:00:00',5314),(921,'2019-08-06 03:15:00',5314),(922,'2019-08-06 03:30:00',5314),(923,'2019-08-06 03:45:00',5314),(924,'2019-08-06 04:00:00',5314),(925,'2019-08-06 04:15:00',5314),(926,'2019-08-06 04:30:00',5314),(927,'2019-08-06 04:45:00',5314),(928,'2019-08-06 05:00:00',5314),(929,'2019-08-06 05:15:00',5314),(930,'2019-08-06 05:30:00',5314),(931,'2019-08-06 05:45:00',5314),(932,'2019-08-06 06:00:00',5314),(933,'2019-08-06 06:15:00',5314),(934,'2019-08-06 06:30:00',5314),(935,'2019-08-06 06:45:00',5314),(937,'2019-08-06 07:15:00',5314),(938,'2019-08-06 07:30:00',5314),(939,'2019-08-06 07:45:00',5314),(940,'2019-08-06 08:00:00',5314),(941,'2019-08-06 08:15:00',5314),(942,'2019-08-06 08:30:00',5314),(943,'2019-08-06 08:45:00',5314),(944,'2019-08-06 09:00:00',5314),(945,'2019-08-06 09:15:00',5314),(946,'2019-08-06 09:30:00',5314),(947,'2019-08-06 09:45:00',5314),(948,'2019-08-06 10:00:00',5314),(949,'2019-08-06 10:15:00',5314),(950,'2019-08-06 10:30:00',5314),(951,'2019-08-06 10:45:00',5314),(952,'2019-08-06 11:00:00',5314),(953,'2019-08-06 11:15:00',5314),(954,'2019-08-06 11:30:00',5314),(955,'2019-08-06 11:45:00',5314),(956,'2019-08-06 12:00:00',5314),(957,'2019-08-06 12:15:00',5314),(958,'2019-08-06 12:30:00',5314),(959,'2019-08-06 12:45:00',5314),(960,'2019-08-06 13:00:00',5314),(961,'2019-08-06 13:15:00',5314),(962,'2019-08-06 13:30:00',5314),(963,'2019-08-06 13:45:00',5314),(964,'2019-08-06 14:00:00',5314),(965,'2019-08-06 14:15:00',5314),(966,'2019-08-06 14:30:00',5314),(967,'2019-08-06 14:45:00',5314),(968,'2019-08-06 15:00:00',5314),(969,'2019-08-06 15:15:00',5314),(970,'2019-08-06 15:30:00',5314),(971,'2019-08-06 15:45:00',5314),(972,'2019-08-06 16:00:00',5314),(973,'2019-08-06 16:15:00',5314),(974,'2019-08-06 16:30:00',5314),(975,'2019-08-06 16:45:00',5314),(976,'2019-08-06 17:00:00',5314),(977,'2019-08-06 17:15:00',5314),(978,'2019-08-06 17:30:00',5314),(979,'2019-08-06 17:45:00',5314),(980,'2019-08-06 18:00:00',5314),(981,'2019-08-05 18:15:00',5315),(982,'2019-08-05 18:30:00',5315),(983,'2019-08-05 18:45:00',5315),(984,'2019-08-05 19:00:00',5315),(985,'2019-08-05 19:15:00',5315),(986,'2019-08-05 19:30:00',5315),(987,'2019-08-05 19:45:00',5315),(988,'2019-08-05 20:00:00',5315),(989,'2019-08-05 20:15:00',5315),(990,'2019-08-05 20:30:00',5315),(991,'2019-08-05 20:45:00',5315),(992,'2019-08-05 21:00:00',5315),(993,'2019-08-05 21:15:00',5315),(994,'2019-08-05 21:30:00',5315),(995,'2019-08-05 21:45:00',5315),(996,'2019-08-05 22:00:00',5315),(997,'2019-08-05 22:15:00',5315),(998,'2019-08-05 22:30:00',5315),(999,'2019-08-05 22:45:00',5315),(1000,'2019-08-05 23:00:00',5315),(1001,'2019-08-05 23:15:00',5315),(1002,'2019-08-05 23:30:00',5315),(1003,'2019-08-05 23:45:00',5315),(1004,'2019-08-06 00:00:00',5315),(1005,'2019-08-06 00:15:00',5315),(1006,'2019-08-06 00:30:00',5315),(1007,'2019-08-06 00:45:00',5315),(1008,'2019-08-06 01:00:00',5315),(1009,'2019-08-06 01:15:00',5315),(1010,'2019-08-06 01:30:00',5315),(1011,'2019-08-06 01:45:00',5315),(1012,'2019-08-06 02:00:00',5315),(1013,'2019-08-06 02:15:00',5315),(1014,'2019-08-06 02:30:00',5315),(1015,'2019-08-06 02:45:00',5315),(1016,'2019-08-06 03:00:00',5315),(1017,'2019-08-06 03:15:00',5315),(1018,'2019-08-06 03:30:00',5315),(1019,'2019-08-06 03:45:00',5315),(1020,'2019-08-06 04:00:00',5315),(1021,'2019-08-06 04:15:00',5315),(1022,'2019-08-06 04:30:00',5315),(1023,'2019-08-06 04:45:00',5315),(1024,'2019-08-06 05:00:00',5315),(1025,'2019-08-06 05:15:00',5315),(1026,'2019-08-06 05:30:00',5315),(1027,'2019-08-06 05:45:00',5315),(1028,'2019-08-06 06:00:00',5315),(1029,'2019-08-06 06:15:00',5315),(1030,'2019-08-06 06:30:00',5315),(1031,'2019-08-06 06:45:00',5315),(1033,'2019-08-06 07:15:00',5315),(1034,'2019-08-06 07:30:00',5315),(1035,'2019-08-06 07:45:00',5315),(1036,'2019-08-06 08:00:00',5315),(1037,'2019-08-06 08:15:00',5315),(1038,'2019-08-06 08:30:00',5315),(1039,'2019-08-06 08:45:00',5315),(1040,'2019-08-06 09:00:00',5315),(1041,'2019-08-06 09:15:00',5315),(1042,'2019-08-06 09:30:00',5315),(1043,'2019-08-06 09:45:00',5315),(1044,'2019-08-06 10:00:00',5315),(1045,'2019-08-06 10:15:00',5315),(1046,'2019-08-06 10:30:00',5315),(1047,'2019-08-06 10:45:00',5315),(1048,'2019-08-06 11:00:00',5315),(1049,'2019-08-06 11:15:00',5315),(1050,'2019-08-06 11:30:00',5315),(1051,'2019-08-06 11:45:00',5315),(1052,'2019-08-06 12:00:00',5315),(1053,'2019-08-06 12:15:00',5315),(1054,'2019-08-06 12:30:00',5315),(1055,'2019-08-06 12:45:00',5315),(1056,'2019-08-06 13:00:00',5315),(1057,'2019-08-06 13:15:00',5315),(1058,'2019-08-06 13:30:00',5315),(1059,'2019-08-06 13:45:00',5315),(1060,'2019-08-06 14:00:00',5315),(1061,'2019-08-06 14:15:00',5315),(1062,'2019-08-06 14:30:00',5315),(1063,'2019-08-06 14:45:00',5315),(1064,'2019-08-06 15:00:00',5315),(1065,'2019-08-06 15:15:00',5315),(1066,'2019-08-06 15:30:00',5315),(1067,'2019-08-06 15:45:00',5315),(1068,'2019-08-06 16:00:00',5315),(1069,'2019-08-06 16:15:00',5315),(1070,'2019-08-06 16:30:00',5315),(1071,'2019-08-06 16:45:00',5315),(1072,'2019-08-06 17:00:00',5315),(1073,'2019-08-06 17:15:00',5315),(1074,'2019-08-06 17:30:00',5315),(1075,'2019-08-06 17:45:00',5315),(1076,'2019-08-06 18:00:00',5315),(1077,'2019-08-05 18:15:00',5316),(1078,'2019-08-05 18:30:00',5316),(1079,'2019-08-05 18:45:00',5316),(1080,'2019-08-05 19:00:00',5316),(1081,'2019-08-05 19:15:00',5316),(1082,'2019-08-05 19:30:00',5316),(1083,'2019-08-05 19:45:00',5316),(1084,'2019-08-05 20:00:00',5316),(1085,'2019-08-05 20:15:00',5316),(1086,'2019-08-05 20:30:00',5316),(1087,'2019-08-05 20:45:00',5316),(1088,'2019-08-05 21:00:00',5316),(1089,'2019-08-05 21:15:00',5316),(1090,'2019-08-05 21:30:00',5316),(1091,'2019-08-05 21:45:00',5316),(1092,'2019-08-05 22:00:00',5316),(1093,'2019-08-05 22:15:00',5316),(1094,'2019-08-05 22:30:00',5316),(1095,'2019-08-05 22:45:00',5316),(1096,'2019-08-05 23:00:00',5316),(1097,'2019-08-05 23:15:00',5316),(1098,'2019-08-05 23:30:00',5316),(1099,'2019-08-05 23:45:00',5316),(1100,'2019-08-06 00:00:00',5316),(1101,'2019-08-06 00:15:00',5316),(1102,'2019-08-06 00:30:00',5316),(1103,'2019-08-06 00:45:00',5316),(1104,'2019-08-06 01:00:00',5316),(1105,'2019-08-06 01:15:00',5316),(1106,'2019-08-06 01:30:00',5316),(1107,'2019-08-06 01:45:00',5316),(1108,'2019-08-06 02:00:00',5316),(1109,'2019-08-06 02:15:00',5316),(1110,'2019-08-06 02:30:00',5316),(1111,'2019-08-06 02:45:00',5316),(1112,'2019-08-06 03:00:00',5316),(1113,'2019-08-06 03:15:00',5316),(1114,'2019-08-06 03:30:00',5316),(1115,'2019-08-06 03:45:00',5316),(1116,'2019-08-06 04:00:00',5316),(1117,'2019-08-06 04:15:00',5316),(1118,'2019-08-06 04:30:00',5316),(1119,'2019-08-06 04:45:00',5316),(1120,'2019-08-06 05:00:00',5316),(1121,'2019-08-06 05:15:00',5316),(1122,'2019-08-06 05:30:00',5316),(1123,'2019-08-06 05:45:00',5316),(1124,'2019-08-06 06:00:00',5316),(1125,'2019-08-06 06:15:00',5316),(1126,'2019-08-06 06:30:00',5316),(1127,'2019-08-06 06:45:00',5316),(1129,'2019-08-06 07:15:00',5316),(1130,'2019-08-06 07:30:00',5316),(1131,'2019-08-06 07:45:00',5316),(1132,'2019-08-06 08:00:00',5316),(1133,'2019-08-06 08:15:00',5316),(1134,'2019-08-06 08:30:00',5316),(1135,'2019-08-06 08:45:00',5316),(1136,'2019-08-06 09:00:00',5316),(1137,'2019-08-06 09:15:00',5316),(1138,'2019-08-06 09:30:00',5316),(1139,'2019-08-06 09:45:00',5316),(1140,'2019-08-06 10:00:00',5316),(1141,'2019-08-06 10:15:00',5316),(1142,'2019-08-06 10:30:00',5316),(1143,'2019-08-06 10:45:00',5316),(1144,'2019-08-06 11:00:00',5316),(1145,'2019-08-06 11:15:00',5316),(1146,'2019-08-06 11:30:00',5316),(1147,'2019-08-06 11:45:00',5316),(1148,'2019-08-06 12:00:00',5316),(1149,'2019-08-06 12:15:00',5316),(1150,'2019-08-06 12:30:00',5316),(1151,'2019-08-06 12:45:00',5316),(1152,'2019-08-06 13:00:00',5316),(1153,'2019-08-06 13:15:00',5316),(1154,'2019-08-06 13:30:00',5316),(1155,'2019-08-06 13:45:00',5316),(1156,'2019-08-06 14:00:00',5316),(1157,'2019-08-06 14:15:00',5316),(1158,'2019-08-06 14:30:00',5316),(1159,'2019-08-06 14:45:00',5316),(1160,'2019-08-06 15:00:00',5316),(1161,'2019-08-06 15:15:00',5316),(1162,'2019-08-06 15:30:00',5316),(1163,'2019-08-06 15:45:00',5316),(1164,'2019-08-06 16:00:00',5316),(1165,'2019-08-06 16:15:00',5316),(1166,'2019-08-06 16:30:00',5316),(1167,'2019-08-06 16:45:00',5316),(1168,'2019-08-06 17:00:00',5316),(1169,'2019-08-06 17:15:00',5316),(1170,'2019-08-06 17:30:00',5316),(1171,'2019-08-06 17:45:00',5316),(1172,'2019-08-06 18:00:00',5316),(1173,'2019-08-05 18:15:00',5317),(1174,'2019-08-05 18:30:00',5317),(1175,'2019-08-05 18:45:00',5317),(1176,'2019-08-05 19:00:00',5317),(1177,'2019-08-05 19:15:00',5317),(1178,'2019-08-05 19:30:00',5317),(1179,'2019-08-05 19:45:00',5317),(1180,'2019-08-05 20:00:00',5317),(1181,'2019-08-05 20:15:00',5317),(1182,'2019-08-05 20:30:00',5317),(1183,'2019-08-05 20:45:00',5317),(1184,'2019-08-05 21:00:00',5317),(1185,'2019-08-05 21:15:00',5317),(1186,'2019-08-05 21:30:00',5317),(1187,'2019-08-05 21:45:00',5317),(1188,'2019-08-05 22:00:00',5317),(1189,'2019-08-05 22:15:00',5317),(1190,'2019-08-05 22:30:00',5317),(1191,'2019-08-05 22:45:00',5317),(1192,'2019-08-05 23:00:00',5317),(1193,'2019-08-05 23:15:00',5317),(1194,'2019-08-05 23:30:00',5317),(1195,'2019-08-05 23:45:00',5317),(1196,'2019-08-06 00:00:00',5317),(1197,'2019-08-06 00:15:00',5317),(1198,'2019-08-06 00:30:00',5317),(1199,'2019-08-06 00:45:00',5317),(1200,'2019-08-06 01:00:00',5317),(1201,'2019-08-06 01:15:00',5317),(1202,'2019-08-06 01:30:00',5317),(1203,'2019-08-06 01:45:00',5317),(1204,'2019-08-06 02:00:00',5317),(1205,'2019-08-06 02:15:00',5317),(1206,'2019-08-06 02:30:00',5317),(1207,'2019-08-06 02:45:00',5317),(1208,'2019-08-06 03:00:00',5317),(1209,'2019-08-06 03:15:00',5317),(1210,'2019-08-06 03:30:00',5317),(1211,'2019-08-06 03:45:00',5317),(1212,'2019-08-06 04:00:00',5317),(1213,'2019-08-06 04:15:00',5317),(1214,'2019-08-06 04:30:00',5317),(1215,'2019-08-06 04:45:00',5317),(1216,'2019-08-06 05:00:00',5317),(1217,'2019-08-06 05:15:00',5317),(1218,'2019-08-06 05:30:00',5317),(1219,'2019-08-06 05:45:00',5317),(1220,'2019-08-06 06:00:00',5317),(1221,'2019-08-06 06:15:00',5317),(1222,'2019-08-06 06:30:00',5317),(1223,'2019-08-06 06:45:00',5317),(1225,'2019-08-06 07:15:00',5317),(1226,'2019-08-06 07:30:00',5317),(1227,'2019-08-06 07:45:00',5317),(1228,'2019-08-06 08:00:00',5317),(1229,'2019-08-06 08:15:00',5317),(1230,'2019-08-06 08:30:00',5317),(1231,'2019-08-06 08:45:00',5317),(1232,'2019-08-06 09:00:00',5317),(1233,'2019-08-06 09:15:00',5317),(1234,'2019-08-06 09:30:00',5317),(1235,'2019-08-06 09:45:00',5317),(1236,'2019-08-06 10:00:00',5317),(1237,'2019-08-06 10:15:00',5317),(1238,'2019-08-06 10:30:00',5317),(1239,'2019-08-06 10:45:00',5317),(1240,'2019-08-06 11:00:00',5317),(1241,'2019-08-06 11:15:00',5317),(1242,'2019-08-06 11:30:00',5317),(1243,'2019-08-06 11:45:00',5317),(1244,'2019-08-06 12:00:00',5317),(1245,'2019-08-06 12:15:00',5317),(1246,'2019-08-06 12:30:00',5317),(1247,'2019-08-06 12:45:00',5317),(1248,'2019-08-06 13:00:00',5317),(1249,'2019-08-06 13:15:00',5317),(1250,'2019-08-06 13:30:00',5317),(1251,'2019-08-06 13:45:00',5317),(1252,'2019-08-06 14:00:00',5317),(1253,'2019-08-06 14:15:00',5317),(1254,'2019-08-06 14:30:00',5317),(1255,'2019-08-06 14:45:00',5317),(1256,'2019-08-06 15:00:00',5317),(1257,'2019-08-06 15:15:00',5317),(1258,'2019-08-06 15:30:00',5317),(1259,'2019-08-06 15:45:00',5317),(1260,'2019-08-06 16:00:00',5317),(1261,'2019-08-06 16:15:00',5317),(1262,'2019-08-06 16:30:00',5317),(1263,'2019-08-06 16:45:00',5317),(1264,'2019-08-06 17:00:00',5317),(1265,'2019-08-06 17:15:00',5317),(1266,'2019-08-06 17:30:00',5317),(1267,'2019-08-06 17:45:00',5317),(1268,'2019-08-06 18:00:00',5317),(1269,'2019-08-05 18:15:00',5318),(1270,'2019-08-05 18:30:00',5318),(1271,'2019-08-05 18:45:00',5318),(1272,'2019-08-05 19:00:00',5318),(1273,'2019-08-05 19:15:00',5318),(1274,'2019-08-05 19:30:00',5318),(1275,'2019-08-05 19:45:00',5318),(1276,'2019-08-05 20:00:00',5318),(1277,'2019-08-05 20:15:00',5318),(1278,'2019-08-05 20:30:00',5318),(1279,'2019-08-05 20:45:00',5318),(1280,'2019-08-05 21:00:00',5318),(1281,'2019-08-05 21:15:00',5318),(1282,'2019-08-05 21:30:00',5318),(1283,'2019-08-05 21:45:00',5318),(1284,'2019-08-05 22:00:00',5318),(1285,'2019-08-05 22:15:00',5318),(1286,'2019-08-05 22:30:00',5318),(1287,'2019-08-05 22:45:00',5318),(1288,'2019-08-05 23:00:00',5318),(1289,'2019-08-05 23:15:00',5318),(1290,'2019-08-05 23:30:00',5318),(1291,'2019-08-05 23:45:00',5318),(1292,'2019-08-06 00:00:00',5318),(1293,'2019-08-06 00:15:00',5318),(1294,'2019-08-06 00:30:00',5318),(1295,'2019-08-06 00:45:00',5318),(1296,'2019-08-06 01:00:00',5318),(1297,'2019-08-06 01:15:00',5318),(1298,'2019-08-06 01:30:00',5318),(1299,'2019-08-06 01:45:00',5318),(1300,'2019-08-06 02:00:00',5318),(1301,'2019-08-06 02:15:00',5318),(1302,'2019-08-06 02:30:00',5318),(1303,'2019-08-06 02:45:00',5318),(1304,'2019-08-06 03:00:00',5318),(1305,'2019-08-06 03:15:00',5318),(1306,'2019-08-06 03:30:00',5318),(1307,'2019-08-06 03:45:00',5318),(1308,'2019-08-06 04:00:00',5318),(1309,'2019-08-06 04:15:00',5318),(1310,'2019-08-06 04:30:00',5318),(1311,'2019-08-06 04:45:00',5318),(1312,'2019-08-06 05:00:00',5318),(1313,'2019-08-06 05:15:00',5318),(1314,'2019-08-06 05:30:00',5318),(1315,'2019-08-06 05:45:00',5318),(1316,'2019-08-06 06:00:00',5318),(1317,'2019-08-06 06:15:00',5318),(1318,'2019-08-06 06:30:00',5318),(1319,'2019-08-06 06:45:00',5318),(1321,'2019-08-06 07:15:00',5318),(1322,'2019-08-06 07:30:00',5318),(1323,'2019-08-06 07:45:00',5318),(1324,'2019-08-06 08:00:00',5318),(1325,'2019-08-06 08:15:00',5318),(1326,'2019-08-06 08:30:00',5318),(1327,'2019-08-06 08:45:00',5318),(1328,'2019-08-06 09:00:00',5318),(1329,'2019-08-06 09:15:00',5318),(1330,'2019-08-06 09:30:00',5318),(1331,'2019-08-06 09:45:00',5318),(1332,'2019-08-06 10:00:00',5318),(1333,'2019-08-06 10:15:00',5318),(1334,'2019-08-06 10:30:00',5318),(1335,'2019-08-06 10:45:00',5318),(1336,'2019-08-06 11:00:00',5318),(1337,'2019-08-06 11:15:00',5318),(1338,'2019-08-06 11:30:00',5318),(1339,'2019-08-06 11:45:00',5318),(1340,'2019-08-06 12:00:00',5318),(1341,'2019-08-06 12:15:00',5318),(1342,'2019-08-06 12:30:00',5318),(1343,'2019-08-06 12:45:00',5318),(1344,'2019-08-06 13:00:00',5318),(1345,'2019-08-06 13:15:00',5318),(1346,'2019-08-06 13:30:00',5318),(1347,'2019-08-06 13:45:00',5318),(1348,'2019-08-06 14:00:00',5318),(1349,'2019-08-06 14:15:00',5318),(1350,'2019-08-06 14:30:00',5318),(1351,'2019-08-06 14:45:00',5318),(1352,'2019-08-06 15:00:00',5318),(1353,'2019-08-06 15:15:00',5318),(1354,'2019-08-06 15:30:00',5318),(1355,'2019-08-06 15:45:00',5318),(1356,'2019-08-06 16:00:00',5318),(1357,'2019-08-06 16:15:00',5318),(1358,'2019-08-06 16:30:00',5318),(1359,'2019-08-06 16:45:00',5318),(1360,'2019-08-06 17:00:00',5318),(1361,'2019-08-06 17:15:00',5318),(1362,'2019-08-06 17:30:00',5318),(1363,'2019-08-06 17:45:00',5318),(1364,'2019-08-06 18:00:00',5318),(1365,'2019-08-05 18:15:00',5332),(1366,'2019-08-05 18:30:00',5332),(1367,'2019-08-05 18:45:00',5332),(1368,'2019-08-05 19:00:00',5332),(1369,'2019-08-05 19:15:00',5332),(1370,'2019-08-05 19:30:00',5332),(1371,'2019-08-05 19:45:00',5332),(1372,'2019-08-05 20:00:00',5332),(1373,'2019-08-05 20:15:00',5332),(1374,'2019-08-05 20:30:00',5332),(1375,'2019-08-05 20:45:00',5332),(1376,'2019-08-05 21:00:00',5332),(1377,'2019-08-05 21:15:00',5332),(1378,'2019-08-05 21:30:00',5332),(1379,'2019-08-05 21:45:00',5332),(1380,'2019-08-05 22:00:00',5332),(1381,'2019-08-05 22:15:00',5332),(1382,'2019-08-05 22:30:00',5332),(1383,'2019-08-05 22:45:00',5332),(1384,'2019-08-05 23:00:00',5332),(1385,'2019-08-05 23:15:00',5332),(1386,'2019-08-05 23:30:00',5332),(1387,'2019-08-05 23:45:00',5332),(1388,'2019-08-06 00:00:00',5332),(1389,'2019-08-06 00:15:00',5332),(1390,'2019-08-06 00:30:00',5332),(1391,'2019-08-06 00:45:00',5332),(1392,'2019-08-06 01:00:00',5332),(1393,'2019-08-06 01:15:00',5332),(1394,'2019-08-06 01:30:00',5332),(1395,'2019-08-06 01:45:00',5332),(1396,'2019-08-06 02:00:00',5332),(1397,'2019-08-06 02:15:00',5332),(1398,'2019-08-06 02:30:00',5332),(1399,'2019-08-06 02:45:00',5332),(1400,'2019-08-06 03:00:00',5332),(1401,'2019-08-06 03:15:00',5332),(1402,'2019-08-06 03:30:00',5332),(1403,'2019-08-06 03:45:00',5332),(1404,'2019-08-06 04:00:00',5332),(1405,'2019-08-06 04:15:00',5332),(1406,'2019-08-06 04:30:00',5332),(1407,'2019-08-06 04:45:00',5332),(1408,'2019-08-06 05:00:00',5332),(1409,'2019-08-06 05:15:00',5332),(1410,'2019-08-06 05:30:00',5332),(1411,'2019-08-06 05:45:00',5332),(1412,'2019-08-06 06:00:00',5332),(1413,'2019-08-06 06:15:00',5332),(1414,'2019-08-06 06:30:00',5332),(1415,'2019-08-06 06:45:00',5332),(1417,'2019-08-06 07:15:00',5332),(1418,'2019-08-06 07:30:00',5332),(1419,'2019-08-06 07:45:00',5332),(1420,'2019-08-06 08:00:00',5332),(1421,'2019-08-06 08:15:00',5332),(1422,'2019-08-06 08:30:00',5332),(1423,'2019-08-06 08:45:00',5332),(1424,'2019-08-06 09:00:00',5332),(1425,'2019-08-06 09:15:00',5332),(1426,'2019-08-06 09:30:00',5332),(1427,'2019-08-06 09:45:00',5332),(1428,'2019-08-06 10:00:00',5332),(1429,'2019-08-06 10:15:00',5332),(1430,'2019-08-06 10:30:00',5332),(1431,'2019-08-06 10:45:00',5332),(1432,'2019-08-06 11:00:00',5332),(1433,'2019-08-06 11:15:00',5332),(1434,'2019-08-06 11:30:00',5332),(1435,'2019-08-06 11:45:00',5332),(1436,'2019-08-06 12:00:00',5332),(1437,'2019-08-06 12:15:00',5332),(1438,'2019-08-06 12:30:00',5332),(1439,'2019-08-06 12:45:00',5332),(1440,'2019-08-06 13:00:00',5332),(1441,'2019-08-06 13:15:00',5332),(1442,'2019-08-06 13:30:00',5332),(1443,'2019-08-06 13:45:00',5332),(1444,'2019-08-06 14:00:00',5332),(1445,'2019-08-06 14:15:00',5332),(1446,'2019-08-06 14:30:00',5332),(1447,'2019-08-06 14:45:00',5332),(1448,'2019-08-06 15:00:00',5332),(1449,'2019-08-06 15:15:00',5332),(1450,'2019-08-06 15:30:00',5332),(1451,'2019-08-06 15:45:00',5332),(1452,'2019-08-06 16:00:00',5332),(1453,'2019-08-06 16:15:00',5332),(1454,'2019-08-06 16:30:00',5332),(1455,'2019-08-06 16:45:00',5332),(1456,'2019-08-06 17:00:00',5332),(1457,'2019-08-06 17:15:00',5332),(1458,'2019-08-06 17:30:00',5332),(1459,'2019-08-06 17:45:00',5332),(1460,'2019-08-06 18:00:00',5332),(1461,'2019-08-05 18:15:00',5346),(1462,'2019-08-05 18:30:00',5346),(1463,'2019-08-05 18:45:00',5346),(1464,'2019-08-05 19:00:00',5346),(1465,'2019-08-05 19:15:00',5346),(1466,'2019-08-05 19:30:00',5346),(1467,'2019-08-05 19:45:00',5346),(1468,'2019-08-05 20:00:00',5346),(1469,'2019-08-05 20:15:00',5346),(1470,'2019-08-05 20:30:00',5346),(1471,'2019-08-05 20:45:00',5346),(1472,'2019-08-05 21:00:00',5346),(1473,'2019-08-05 21:15:00',5346),(1474,'2019-08-05 21:30:00',5346),(1475,'2019-08-05 21:45:00',5346),(1476,'2019-08-05 22:00:00',5346),(1477,'2019-08-05 22:15:00',5346),(1478,'2019-08-05 22:30:00',5346),(1479,'2019-08-05 22:45:00',5346),(1480,'2019-08-05 23:00:00',5346),(1481,'2019-08-05 23:15:00',5346),(1482,'2019-08-05 23:30:00',5346),(1483,'2019-08-05 23:45:00',5346),(1484,'2019-08-06 00:00:00',5346),(1485,'2019-08-06 00:15:00',5346),(1486,'2019-08-06 00:30:00',5346),(1487,'2019-08-06 00:45:00',5346),(1488,'2019-08-06 01:00:00',5346),(1489,'2019-08-06 01:15:00',5346),(1490,'2019-08-06 01:30:00',5346),(1491,'2019-08-06 01:45:00',5346),(1492,'2019-08-06 02:00:00',5346),(1493,'2019-08-06 02:15:00',5346),(1494,'2019-08-06 02:30:00',5346),(1495,'2019-08-06 02:45:00',5346),(1496,'2019-08-06 03:00:00',5346),(1497,'2019-08-06 03:15:00',5346),(1498,'2019-08-06 03:30:00',5346),(1499,'2019-08-06 03:45:00',5346),(1500,'2019-08-06 04:00:00',5346),(1501,'2019-08-06 04:15:00',5346),(1502,'2019-08-06 04:30:00',5346),(1503,'2019-08-06 04:45:00',5346),(1504,'2019-08-06 05:00:00',5346),(1505,'2019-08-06 05:15:00',5346),(1506,'2019-08-06 05:30:00',5346),(1507,'2019-08-06 05:45:00',5346),(1508,'2019-08-06 06:00:00',5346),(1509,'2019-08-06 06:15:00',5346),(1510,'2019-08-06 06:30:00',5346),(1511,'2019-08-06 06:45:00',5346),(1513,'2019-08-06 07:15:00',5346),(1514,'2019-08-06 07:30:00',5346),(1515,'2019-08-06 07:45:00',5346),(1516,'2019-08-06 08:00:00',5346),(1517,'2019-08-06 08:15:00',5346),(1518,'2019-08-06 08:30:00',5346),(1519,'2019-08-06 08:45:00',5346),(1520,'2019-08-06 09:00:00',5346),(1521,'2019-08-06 09:15:00',5346),(1522,'2019-08-06 09:30:00',5346),(1523,'2019-08-06 09:45:00',5346),(1524,'2019-08-06 10:00:00',5346),(1525,'2019-08-06 10:15:00',5346),(1526,'2019-08-06 10:30:00',5346),(1527,'2019-08-06 10:45:00',5346),(1528,'2019-08-06 11:00:00',5346),(1529,'2019-08-06 11:15:00',5346),(1530,'2019-08-06 11:30:00',5346),(1531,'2019-08-06 11:45:00',5346),(1532,'2019-08-06 12:00:00',5346),(1533,'2019-08-06 12:15:00',5346),(1534,'2019-08-06 12:30:00',5346),(1535,'2019-08-06 12:45:00',5346),(1536,'2019-08-06 13:00:00',5346),(1537,'2019-08-06 13:15:00',5346),(1538,'2019-08-06 13:30:00',5346),(1539,'2019-08-06 13:45:00',5346),(1540,'2019-08-06 14:00:00',5346),(1541,'2019-08-06 14:15:00',5346),(1542,'2019-08-06 14:30:00',5346),(1543,'2019-08-06 14:45:00',5346),(1544,'2019-08-06 15:00:00',5346),(1545,'2019-08-06 15:15:00',5346),(1546,'2019-08-06 15:30:00',5346),(1547,'2019-08-06 15:45:00',5346),(1548,'2019-08-06 16:00:00',5346),(1549,'2019-08-06 16:15:00',5346),(1550,'2019-08-06 16:30:00',5346),(1551,'2019-08-06 16:45:00',5346),(1552,'2019-08-06 17:00:00',5346),(1553,'2019-08-06 17:15:00',5346),(1554,'2019-08-06 17:30:00',5346),(1555,'2019-08-06 17:45:00',5346),(1556,'2019-08-06 18:00:00',5346),(1557,'2019-08-05 18:15:00',5347),(1558,'2019-08-05 18:30:00',5347),(1559,'2019-08-05 18:45:00',5347),(1560,'2019-08-05 19:00:00',5347),(1561,'2019-08-05 19:15:00',5347),(1562,'2019-08-05 19:30:00',5347),(1563,'2019-08-05 19:45:00',5347),(1564,'2019-08-05 20:00:00',5347),(1565,'2019-08-05 20:15:00',5347),(1566,'2019-08-05 20:30:00',5347),(1567,'2019-08-05 20:45:00',5347),(1568,'2019-08-05 21:00:00',5347),(1569,'2019-08-05 21:15:00',5347),(1570,'2019-08-05 21:30:00',5347),(1571,'2019-08-05 21:45:00',5347),(1572,'2019-08-05 22:00:00',5347),(1573,'2019-08-05 22:15:00',5347),(1574,'2019-08-05 22:30:00',5347),(1575,'2019-08-05 22:45:00',5347),(1576,'2019-08-05 23:00:00',5347),(1577,'2019-08-05 23:15:00',5347),(1578,'2019-08-05 23:30:00',5347),(1579,'2019-08-05 23:45:00',5347),(1580,'2019-08-06 00:00:00',5347),(1581,'2019-08-06 00:15:00',5347),(1582,'2019-08-06 00:30:00',5347),(1583,'2019-08-06 00:45:00',5347),(1584,'2019-08-06 01:00:00',5347),(1585,'2019-08-06 01:15:00',5347),(1586,'2019-08-06 01:30:00',5347),(1587,'2019-08-06 01:45:00',5347),(1588,'2019-08-06 02:00:00',5347),(1589,'2019-08-06 02:15:00',5347),(1590,'2019-08-06 02:30:00',5347),(1591,'2019-08-06 02:45:00',5347),(1592,'2019-08-06 03:00:00',5347),(1593,'2019-08-06 03:15:00',5347),(1594,'2019-08-06 03:30:00',5347),(1595,'2019-08-06 03:45:00',5347),(1596,'2019-08-06 04:00:00',5347),(1597,'2019-08-06 04:15:00',5347),(1598,'2019-08-06 04:30:00',5347),(1599,'2019-08-06 04:45:00',5347),(1600,'2019-08-06 05:00:00',5347),(1601,'2019-08-06 05:15:00',5347),(1602,'2019-08-06 05:30:00',5347),(1603,'2019-08-06 05:45:00',5347),(1604,'2019-08-06 06:00:00',5347),(1605,'2019-08-06 06:15:00',5347),(1606,'2019-08-06 06:30:00',5347),(1607,'2019-08-06 06:45:00',5347),(1608,'2019-08-06 07:00:00',5347),(1609,'2019-08-06 07:15:00',5347),(1610,'2019-08-06 07:30:00',5347),(1611,'2019-08-06 07:45:00',5347),(1612,'2019-08-06 08:00:00',5347),(1613,'2019-08-06 08:15:00',5347),(1614,'2019-08-06 08:30:00',5347),(1615,'2019-08-06 08:45:00',5347),(1616,'2019-08-06 09:00:00',5347),(1617,'2019-08-06 09:15:00',5347),(1618,'2019-08-06 09:30:00',5347),(1619,'2019-08-06 09:45:00',5347),(1620,'2019-08-06 10:00:00',5347),(1621,'2019-08-06 10:15:00',5347),(1622,'2019-08-06 10:30:00',5347),(1623,'2019-08-06 10:45:00',5347),(1624,'2019-08-06 11:00:00',5347),(1625,'2019-08-06 11:15:00',5347),(1626,'2019-08-06 11:30:00',5347),(1627,'2019-08-06 11:45:00',5347),(1628,'2019-08-06 12:00:00',5347),(1629,'2019-08-06 12:15:00',5347),(1630,'2019-08-06 12:30:00',5347),(1631,'2019-08-06 12:45:00',5347),(1632,'2019-08-06 13:00:00',5347),(1633,'2019-08-06 13:15:00',5347),(1634,'2019-08-06 13:30:00',5347),(1635,'2019-08-06 13:45:00',5347),(1636,'2019-08-06 14:00:00',5347),(1637,'2019-08-06 14:15:00',5347),(1638,'2019-08-06 14:30:00',5347),(1639,'2019-08-06 14:45:00',5347),(1640,'2019-08-06 15:00:00',5347),(1641,'2019-08-06 15:15:00',5347),(1642,'2019-08-06 15:30:00',5347),(1643,'2019-08-06 15:45:00',5347),(1644,'2019-08-06 16:00:00',5347),(1645,'2019-08-06 16:15:00',5347),(1646,'2019-08-06 16:30:00',5347),(1647,'2019-08-06 16:45:00',5347),(1648,'2019-08-06 17:00:00',5347),(1649,'2019-08-06 17:15:00',5347),(1650,'2019-08-06 17:30:00',5347),(1651,'2019-08-06 17:45:00',5347),(1652,'2019-08-06 18:00:00',5347);
/*!40000 ALTER TABLE `backend_temp_rows` ENABLE KEYS */;
UNLOCK TABLES;

--
-- Table structure for table `backend_vars`
--

DROP TABLE IF EXISTS `backend_vars`;
/*!40101 SET @saved_cs_client     = @@character_set_client */;
/*!40101 SET character_set_client = utf8 */;
CREATE TABLE `backend_vars` (
  `id` int(11) NOT NULL AUTO_INCREMENT,
  `key` varchar(70) COLLATE utf8_bin NOT NULL,
  `value` varchar(70) COLLATE utf8_bin NOT NULL,
  `notice` text COLLATE utf8_bin NOT NULL,
  `is_condition` int(1) NOT NULL,
  PRIMARY KEY (`id`)
) ENGINE=InnoDB AUTO_INCREMENT=14 DEFAULT CHARSET=utf8 COLLATE=utf8_bin COMMENT='Таблца со всеми параметрами, с которыми работают счетчики';
/*!40101 SET character_set_client = @saved_cs_client */;

--
-- Dumping data for table `backend_vars`
--

LOCK TABLES `backend_vars` WRITE;
/*!40000 ALTER TABLE `backend_vars` DISABLE KEYS */;
INSERT INTO `backend_vars` VALUES (1,'query_id','queryid','id запроса',0),(2,'action','act','id группы действия',0),(3,'param','param','Действие',0),(4,'value','value','Передаваемое значение',0),(5,'target','target','Адрес счетчика',0),(6,'time','time','Время ',1),(7,'date','date','Дата',1),(8,'serial','serial','Серийный номер счетчика',1),(9,'login','login','Логин счетчика',1),(10,'password','password','Пароль счетчика',1),(11,'new_login','newlogin','Установить новый логин на счетчике',1),(12,'new_password','newpassword','Установить новый пароль на счетчике',1),(13,'new_value','new_value','??',1);
/*!40000 ALTER TABLE `backend_vars` ENABLE KEYS */;
UNLOCK TABLES;

--
-- Table structure for table `counter`
--

DROP TABLE IF EXISTS `counter`;
/*!40101 SET @saved_cs_client     = @@character_set_client */;
/*!40101 SET character_set_client = utf8 */;
CREATE TABLE `counter` (
  `id` int(11) NOT NULL AUTO_INCREMENT,
  `name` varchar(50) COLLATE utf8_bin NOT NULL,
  `value` varchar(3) COLLATE utf8_bin NOT NULL DEFAULT '001',
  `date` timestamp NULL DEFAULT NULL,
  PRIMARY KEY (`id`)
) ENGINE=InnoDB AUTO_INCREMENT=3 DEFAULT CHARSET=utf8 COLLATE=utf8_bin;
/*!40101 SET character_set_client = @saved_cs_client */;

--
-- Dumping data for table `counter`
--

LOCK TABLES `counter` WRITE;
/*!40000 ALTER TABLE `counter` DISABLE KEYS */;
INSERT INTO `counter` VALUES (2,'askue-xml','045','2018-06-23 18:00:00');
/*!40000 ALTER TABLE `counter` ENABLE KEYS */;
UNLOCK TABLES;

--
-- Table structure for table `meter_errors`
--

DROP TABLE IF EXISTS `meter_errors`;
/*!40101 SET @saved_cs_client     = @@character_set_client */;
/*!40101 SET character_set_client = utf8 */;
CREATE TABLE `meter_errors` (
  `id` int(11) NOT NULL AUTO_INCREMENT,
  `meter_id` int(11) NOT NULL,
  `error_code` smallint(6) NOT NULL,
  `note` text COLLATE utf8_bin NOT NULL,
  `created_at` timestamp NOT NULL DEFAULT CURRENT_TIMESTAMP ON UPDATE CURRENT_TIMESTAMP,
  PRIMARY KEY (`id`)
) ENGINE=InnoDB AUTO_INCREMENT=459 DEFAULT CHARSET=utf8 COLLATE=utf8_bin;
/*!40101 SET character_set_client = @saved_cs_client */;

--
-- Dumping data for table `meter_errors`
--

LOCK TABLES `meter_errors` WRITE;
/*!40000 ALTER TABLE `meter_errors` DISABLE KEYS */;
INSERT INTO `meter_errors` VALUES (1,5306,1001,'Счетчик с сериным номером 1 не отвечает','2018-03-23 09:31:13'),(2,5306,1001,'Счетчик с сериным номером 1 не отвечает','2018-03-23 10:32:00'),(3,5306,1001,'Счетчик с сериным номером 1 не отвечает','2018-03-23 11:32:06'),(4,5306,1001,'Счетчик с сериным номером 1 не отвечает','2018-03-23 12:31:14'),(5,5306,1001,'Счетчик с сериным номером 1 не отвечает','2018-03-23 13:32:01'),(6,5306,1001,'Счетчик с сериным номером 1 не отвечает','2018-03-23 14:32:05'),(7,5306,1001,'Счетчик с сериным номером 1 не отвечает','2018-03-23 15:31:16'),(8,5306,1001,'Счетчик с сериным номером 1 не отвечает','2018-03-23 16:32:01'),(9,5306,1001,'Счетчик с сериным номером 1 не отвечает','2018-03-23 17:32:05'),(10,5306,1001,'Счетчик с сериным номером 1 не отвечает','2018-03-23 18:31:16'),(11,5306,1001,'Счетчик с сериным номером 1 не отвечает','2018-03-23 19:32:02'),(12,5306,1001,'Счетчик с сериным номером 1 не отвечает','2018-03-23 23:08:27'),(13,5306,1001,'Счетчик с сериным номером 1 не отвечает','2018-03-24 09:07:02'),(14,5306,1001,'Счетчик с сериным номером 1 не отвечает','2018-03-24 10:07:05'),(15,5306,1001,'Счетчик с сериным номером 1 не отвечает','2018-03-24 11:07:11'),(16,5306,1001,'Счетчик с сериным номером 1 не отвечает','2018-03-24 12:07:05'),(17,5307,1001,'Счетчик с сериным номером 3 не отвечает','2018-03-24 12:07:06'),(18,5306,1001,'Счетчик с сериным номером 1 не отвечает','2018-03-24 13:07:08'),(19,5306,1001,'Счетчик с сериным номером 1 не отвечает','2018-03-24 14:07:10'),(20,5306,1001,'Счетчик с сериным номером 1 не отвечает','2018-03-24 15:07:06'),(21,5307,1001,'Счетчик с сериным номером 3 не отвечает','2018-03-24 15:07:06'),(22,5306,1001,'Счетчик с сериным номером 1 не отвечает','2018-03-24 16:07:08'),(23,5306,1001,'Счетчик с сериным номером 1 не отвечает','2018-03-24 17:07:10'),(24,5306,1001,'Счетчик с сериным номером 1 не отвечает','2018-03-24 18:07:05'),(25,5307,1001,'Счетчик с сериным номером 3 не отвечает','2018-03-24 18:07:06'),(26,5306,1001,'Счетчик с сериным номером 1 не отвечает','2018-03-24 19:32:03'),(27,5306,1001,'Счетчик с сериным номером 1 не отвечает','2018-03-24 20:32:07'),(28,5306,1001,'Счетчик с сериным номером 1 не отвечает','2018-03-24 21:07:09'),(29,5307,1001,'Счетчик с сериным номером 3 не отвечает','2018-03-24 21:07:10'),(30,5306,1001,'Счетчик с сериным номером 1 не отвечает','2018-03-24 22:07:13'),(31,5306,1001,'Счетчик с сериным номером 1 не отвечает','2018-03-25 09:35:58'),(32,5307,1001,'Счетчик с сериным номером 3 не отвечает','2018-03-25 09:35:59'),(33,5306,1001,'Счетчик с сериным номером 1 не отвечает','2018-03-25 10:36:03'),(34,5306,1001,'Счетчик с сериным номером 1 не отвечает','2018-03-25 11:36:08'),(35,5306,1001,'Счетчик с сериным номером 1 не отвечает','2018-03-25 12:36:00'),(36,5307,1001,'Счетчик с сериным номером 3 не отвечает','2018-03-25 12:36:01'),(37,5306,1001,'Счетчик с сериным номером 1 не отвечает','2018-03-25 13:36:06'),(38,5306,1001,'Счетчик с сериным номером 1 не отвечает','2018-03-25 14:36:11'),(39,5306,1001,'Счетчик с сериным номером 1 не отвечает','2018-03-25 15:36:01'),(40,5307,1001,'Счетчик с сериным номером 3 не отвечает','2018-03-25 15:36:02'),(41,5306,1001,'Счетчик с сериным номером 1 не отвечает','2018-03-25 16:36:05'),(42,5306,1001,'Счетчик с сериным номером 1 не отвечает','2018-03-26 04:44:50'),(43,5307,1001,'Счетчик с сериным номером 3 не отвечает','2018-03-26 04:44:51'),(44,5306,1001,'Счетчик с сериным номером 1 не отвечает','2018-03-26 05:44:55'),(45,5306,1001,'Счетчик с сериным номером 1 не отвечает','2018-03-26 06:44:59'),(46,5306,1001,'Счетчик с сериным номером 1 не отвечает','2018-03-26 07:44:51'),(47,5307,1001,'Счетчик с сериным номером 3 не отвечает','2018-03-26 07:44:51'),(48,5306,1001,'Счетчик с сериным номером 1 не отвечает','2018-03-26 08:44:57'),(49,5306,1001,'Счетчик с сериным номером 1 не отвечает','2018-03-26 09:45:01'),(50,5306,1001,'Счетчик с сериным номером 1 не отвечает','2018-03-26 10:44:51'),(51,5307,1001,'Счетчик с сериным номером 3 не отвечает','2018-03-26 10:44:51'),(52,5306,1001,'Счетчик с сериным номером 1 не отвечает','2018-03-26 11:44:53'),(53,5306,1001,'Счетчик с сериным номером 1 не отвечает','2018-03-26 12:44:56'),(54,5306,1001,'Счетчик с сериным номером 1 не отвечает','2018-03-26 13:44:54'),(55,5307,1001,'Счетчик с сериным номером 3 не отвечает','2018-03-26 13:44:55'),(56,5306,1001,'Счетчик с сериным номером 1 не отвечает','2018-03-26 14:45:00'),(57,5306,1001,'Счетчик с сериным номером 1 не отвечает','2018-03-26 15:47:03'),(58,5306,1001,'Счетчик с сериным номером 1 не отвечает','2018-03-26 16:44:55'),(59,5307,1001,'Счетчик с сериным номером 3 не отвечает','2018-03-26 16:44:56'),(60,5306,1001,'Счетчик с сериным номером 1 не отвечает','2018-03-26 17:44:58'),(61,5306,1001,'Счетчик с сериным номером 1 не отвечает','2018-03-26 18:47:01'),(62,5306,1001,'Счетчик с сериным номером 1 не отвечает','2018-03-26 19:44:56'),(63,5307,1001,'Счетчик с сериным номером 3 не отвечает','2018-03-26 19:44:57'),(64,5306,1001,'Счетчик с сериным номером 1 не отвечает','2018-03-26 20:44:59'),(65,5306,1001,'Счетчик с сериным номером 1 не отвечает','2018-03-26 21:47:06'),(66,5306,1001,'Счетчик с сериным номером 1 не отвечает','2018-03-26 22:45:00'),(67,5307,1001,'Счетчик с сериным номером 3 не отвечает','2018-03-26 22:45:00'),(68,5306,1001,'Счетчик с сериным номером 1 не отвечает','2018-03-26 23:47:01'),(69,5306,1001,'Счетчик с сериным номером 1 не отвечает','2018-03-27 08:44:56'),(70,5307,1001,'Счетчик с сериным номером 3 не отвечает','2018-03-27 08:44:57'),(71,5306,1001,'Счетчик с сериным номером 1 не отвечает','2018-03-27 09:47:02'),(72,5306,1001,'Счетчик с сериным номером 1 не отвечает','2018-03-27 10:47:09'),(73,5306,1001,'Счетчик с сериным номером 1 не отвечает','2018-03-27 11:44:59'),(74,5307,1001,'Счетчик с сериным номером 3 не отвечает','2018-03-27 11:44:59'),(75,5306,1001,'Счетчик с сериным номером 1 не отвечает','2018-03-27 12:47:05'),(76,5306,1001,'Счетчик с сериным номером 1 не отвечает','2018-03-27 13:47:07'),(77,5306,1001,'Счетчик с сериным номером 1 не отвечает','2018-03-27 14:45:01'),(78,5307,1001,'Счетчик с сериным номером 3 не отвечает','2018-03-27 14:45:02'),(79,5306,1001,'Счетчик с сериным номером 1 не отвечает','2018-03-27 15:47:03'),(80,5306,1001,'Счетчик с сериным номером 1 не отвечает','2018-03-27 16:47:08'),(81,5306,1001,'Счетчик с сериным номером 1 не отвечает','2018-03-27 17:45:03'),(82,5307,1001,'Счетчик с сериным номером 3 не отвечает','2018-03-27 17:45:04'),(83,5306,1001,'Счетчик с сериным номером 1 не отвечает','2018-03-27 18:47:01'),(84,5306,1001,'Счетчик с сериным номером 1 не отвечает','2018-03-27 19:47:05'),(85,5306,1001,'Счетчик с сериным номером 1 не отвечает','2018-03-27 20:45:05'),(86,5307,1001,'Счетчик с сериным номером 3 не отвечает','2018-03-27 20:45:05'),(87,5306,1001,'Счетчик с сериным номером 1 не отвечает','2018-03-27 21:47:03'),(88,5306,1001,'Счетчик с сериным номером 1 не отвечает','2018-03-28 09:50:49'),(89,5307,1001,'Счетчик с сериным номером 3 не отвечает','2018-03-28 09:50:50'),(90,5306,1001,'Счетчик с сериным номером 1 не отвечает','2018-03-28 10:50:55'),(91,5306,1001,'Счетчик с сериным номером 1 не отвечает','2018-03-28 11:50:58'),(92,5306,1001,'Счетчик с сериным номером 1 не отвечает','2018-03-28 12:50:50'),(93,5307,1001,'Счетчик с сериным номером 3 не отвечает','2018-03-28 12:50:50'),(94,5306,1001,'Счетчик с сериным номером 1 не отвечает','2018-03-28 13:50:56'),(95,5306,1001,'Счетчик с сериным номером 1 не отвечает','2018-03-28 14:51:00'),(96,5306,1001,'Счетчик с сериным номером 1 не отвечает','2018-03-28 15:50:50'),(97,5307,1001,'Счетчик с сериным номером 3 не отвечает','2018-03-28 15:50:51'),(98,5306,1001,'Счетчик с сериным номером 1 не отвечает','2018-03-28 16:50:53'),(99,5306,1001,'Счетчик с сериным номером 1 не отвечает','2018-03-28 17:51:00'),(100,5306,1001,'Счетчик с сериным номером 1 не отвечает','2018-03-28 18:50:52'),(101,5307,1001,'Счетчик с сериным номером 3 не отвечает','2018-03-28 18:50:52'),(102,5306,1001,'Счетчик с сериным номером 1 не отвечает','2018-03-29 10:03:43'),(103,5307,1001,'Счетчик с сериным номером 3 не отвечает','2018-03-29 10:03:44'),(104,5306,1001,'Счетчик с сериным номером 1 не отвечает','2018-03-29 11:03:48'),(105,5306,1001,'Счетчик с сериным номером 1 не отвечает','2018-03-29 12:03:52'),(106,5309,1001,'Счетчик с сериным номером 2 не отвечает','2018-03-29 13:01:39'),(107,5306,1001,'Счетчик с сериным номером 1 не отвечает','2018-03-29 13:03:46'),(108,5307,1001,'Счетчик с сериным номером 3 не отвечает','2018-03-29 13:03:47'),(109,5309,1001,'Счетчик с сериным номером 2 не отвечает','2018-03-29 13:03:47'),(110,5309,1001,'Счетчик с сериным номером 2 не отвечает','2018-03-29 13:24:04'),(111,5309,1001,'Счетчик с сериным номером 2 не отвечает','2018-03-29 13:24:09'),(112,5309,1001,'Счетчик с сериным номером 2 не отвечает','2018-03-29 13:24:10'),(113,5309,1001,'Счетчик с сериным номером 2 не отвечает','2018-03-29 13:24:10'),(114,5309,1001,'Счетчик с сериным номером 2 не отвечает','2018-03-29 13:24:10'),(115,5309,1001,'Счетчик с сериным номером 2 не отвечает','2018-03-29 13:24:11'),(116,5309,1001,'Счетчик с сериным номером 2 не отвечает','2018-03-29 13:47:54'),(117,5309,1001,'Счетчик с сериным номером 2 не отвечает','2018-03-29 13:49:07'),(118,5309,1001,'Счетчик с сериным номером 2 не отвечает','2018-03-29 13:52:04'),(119,5309,1001,'Счетчик с сериным номером 2 не отвечает','2018-03-29 13:53:32'),(120,5309,1001,'Счетчик с сериным номером 2 не отвечает','2018-03-29 13:53:54'),(121,5309,1001,'Счетчик с сериным номером 2 не отвечает','2018-03-29 13:54:35'),(122,5309,1001,'Счетчик с сериным номером 2 не отвечает','2018-03-29 14:18:13'),(123,5309,1001,'Счетчик с сериным номером 2 не отвечает','2018-03-29 14:18:13'),(124,5309,1001,'Счетчик с сериным номером 2 не отвечает','2018-03-29 14:18:14'),(125,5309,1001,'Счетчик с сериным номером 2 не отвечает','2018-03-29 14:18:14'),(126,5309,1001,'Счетчик с сериным номером 2 не отвечает','2018-03-29 14:18:15'),(127,5309,1001,'Счетчик с сериным номером 2 не отвечает','2018-03-29 14:18:15'),(128,5306,1001,'Счетчик с сериным номером 1 не отвечает','2018-03-29 14:18:16'),(129,5309,1001,'Счетчик с сериным номером 2 не отвечает','2018-03-29 14:19:13'),(130,5309,1001,'Счетчик с сериным номером 2 не отвечает','2018-03-29 14:20:00'),(131,5309,1001,'Счетчик с сериным номером 2 не отвечает','2018-03-29 14:21:13'),(132,5306,1001,'Счетчик с сериным номером 1 не отвечает','2018-03-29 15:18:18'),(133,5306,1001,'Счетчик с сериным номером 1 не отвечает','2018-03-29 16:03:50'),(134,5307,1001,'Счетчик с сериным номером 3 не отвечает','2018-03-29 16:03:51'),(135,5309,1001,'Счетчик с сериным номером 2 не отвечает','2018-03-29 16:03:51'),(136,5306,1001,'Счетчик с сериным номером 1 не отвечает','2018-03-29 17:03:56'),(137,5306,1001,'Счетчик с сериным номером 1 не отвечает','2018-03-30 03:24:45'),(138,5307,1001,'Счетчик с сериным номером 3 не отвечает','2018-03-30 03:24:46'),(139,5309,1001,'Счетчик с сериным номером 2 не отвечает','2018-03-30 03:24:47'),(140,5306,1001,'Счетчик с сериным номером 1 не отвечает','2018-03-30 04:24:46'),(141,5306,1001,'Счетчик с сериным номером 1 не отвечает','2018-03-30 05:24:51'),(142,5306,1001,'Счетчик с сериным номером 1 не отвечает','2018-03-30 06:24:48'),(143,5307,1001,'Счетчик с сериным номером 3 не отвечает','2018-03-30 06:24:48'),(144,5309,1001,'Счетчик с сериным номером 2 не отвечает','2018-03-30 06:24:48'),(145,5306,1001,'Счетчик с сериным номером 1 не отвечает','2018-03-30 07:24:52'),(146,5306,1001,'Счетчик с сериным номером 1 не отвечает','2018-03-30 08:24:55'),(147,5306,1001,'Счетчик с сериным номером 1 не отвечает','2018-03-30 09:24:48'),(148,5307,1001,'Счетчик с сериным номером 3 не отвечает','2018-03-30 09:24:49'),(149,5309,1001,'Счетчик с сериным номером 2 не отвечает','2018-03-30 09:24:49'),(150,5309,1001,'Счетчик с сериным номером 2 не отвечает','2018-03-30 10:24:02'),(151,5306,1001,'Счетчик с сериным номером 1 не отвечает','2018-03-30 10:24:50'),(152,5306,1001,'Счетчик с сериным номером 1 не отвечает','2018-03-30 11:24:53'),(153,5309,1001,'Счетчик с сериным номером 2 не отвечает','2018-03-30 11:26:06'),(154,5306,1001,'Счетчик с сериным номером 1 не отвечает','2018-03-30 12:24:52'),(155,5307,1001,'Счетчик с сериным номером 3 не отвечает','2018-03-30 12:24:52'),(156,5309,1001,'Счетчик с сериным номером 2 не отвечает','2018-03-30 12:24:53'),(157,5309,1001,'Счетчик с сериным номером 2 не отвечает','2018-03-30 13:09:19'),(158,5309,1001,'Счетчик с сериным номером 2 не отвечает','2018-03-30 13:10:37'),(159,5309,1001,'Счетчик с сериным номером 2 не отвечает','2018-03-30 13:11:29'),(160,5309,1001,'Счетчик с сериным номером 2 не отвечает','2018-03-30 13:12:21'),(161,5309,1001,'Счетчик с сериным номером 2 не отвечает','2018-03-30 13:12:53'),(162,5309,1001,'Счетчик с сериным номером 2 не отвечает','2018-03-30 13:21:00'),(163,5309,1001,'Счетчик с сериным номером 2 не отвечает','2018-03-30 13:22:49'),(164,5309,1001,'Счетчик с сериным номером 2 не отвечает','2018-03-30 13:23:00'),(165,5306,1001,'Счетчик с сериным номером 1 не отвечает','2018-03-30 13:24:54'),(166,5309,1001,'Счетчик с сериным номером 2 не отвечает','2018-03-30 13:25:05'),(167,5309,1001,'Счетчик с сериным номером 2 не отвечает','2018-03-30 13:26:49'),(168,5309,1001,'Счетчик с сериным номером 2 не отвечает','2018-03-30 13:27:36'),(169,5309,1001,'Счетчик с сериным номером 2 не отвечает','2018-03-30 13:28:02'),(170,5309,1001,'Счетчик с сериным номером 2 не отвечает','2018-03-30 13:29:05'),(171,5309,1001,'Счетчик с сериным номером 2 не отвечает','2018-03-30 13:29:42'),(172,5309,1001,'Счетчик с сериным номером 2 не отвечает','2018-03-30 13:30:34'),(173,5309,1001,'Счетчик с сериным номером 2 не отвечает','2018-03-30 13:31:31'),(174,5309,1001,'Счетчик с сериным номером 2 не отвечает','2018-03-30 13:32:39'),(175,5309,1001,'Счетчик с сериным номером 2 не отвечает','2018-03-30 13:36:59'),(176,5309,1001,'Счетчик с сериным номером 2 не отвечает','2018-03-30 13:38:07'),(177,5309,1001,'Счетчик с сериным номером 2 не отвечает','2018-03-30 13:38:17'),(178,5309,1001,'Счетчик с сериным номером 2 не отвечает','2018-03-30 13:38:49'),(179,5309,1001,'Счетчик с сериным номером 2 не отвечает','2018-03-30 13:38:54'),(180,5309,1001,'Счетчик с сериным номером 2 не отвечает','2018-03-30 13:39:00'),(181,5309,1001,'Счетчик с сериным номером 2 не отвечает','2018-03-30 13:39:21'),(182,5309,1001,'Счетчик с сериным номером 2 не отвечает','2018-03-30 13:40:39'),(183,5306,1001,'Счетчик с сериным номером 1 не отвечает','2018-03-30 14:24:57'),(184,5306,1001,'Счетчик с сериным номером 1 не отвечает','2018-03-30 15:24:56'),(185,5307,1001,'Счетчик с сериным номером 3 не отвечает','2018-03-30 15:24:57'),(186,5306,1001,'Счетчик с сериным номером 1 не отвечает','2018-03-30 16:25:02'),(187,5306,1001,'Счетчик с сериным номером 1 не отвечает','2018-03-30 17:25:05'),(188,5306,1001,'Счетчик с сериным номером 1 не отвечает','2018-03-30 18:25:01'),(189,5307,1001,'Счетчик с сериным номером 3 не отвечает','2018-03-30 18:25:02'),(190,5306,1001,'Счетчик с сериным номером 1 не отвечает','2018-03-31 08:49:02'),(191,5307,1001,'Счетчик с сериным номером 3 не отвечает','2018-03-31 08:49:03'),(192,5306,1001,'Счетчик с сериным номером 1 не отвечает','2018-03-31 09:49:08'),(193,5309,1001,'Счетчик с сериным номером 2 не отвечает','2018-03-31 10:41:57'),(194,5309,1001,'Счетчик с сериным номером 2 не отвечает','2018-03-31 10:42:08'),(195,5306,1001,'Счетчик с сериным номером 1 не отвечает','2018-03-31 10:49:10'),(196,5306,1001,'Счетчик с сериным номером 1 не отвечает','2018-03-31 11:49:05'),(197,5307,1001,'Счетчик с сериным номером 3 не отвечает','2018-03-31 11:49:05'),(198,5306,1001,'Счетчик с сериным номером 1 не отвечает','2018-03-31 12:49:11'),(199,5307,1001,'Счетчик с сериным номером 3 не отвечает','2018-03-31 12:56:56'),(200,5307,1001,'Счетчик с сериным номером 3 не отвечает','2018-03-31 12:57:02'),(201,5307,1001,'Счетчик с сериным номером 3 не отвечает','2018-03-31 12:57:18'),(202,5307,1001,'Счетчик с сериным номером 3 не отвечает','2018-03-31 12:57:50'),(203,5306,1001,'Счетчик с сериным номером 1 не отвечает','2018-03-31 13:49:17'),(204,5306,1001,'Счетчик с сериным номером 1 не отвечает','2018-03-31 14:49:05'),(205,5307,1001,'Счетчик с сериным номером 3 не отвечает','2018-03-31 14:49:06'),(206,5306,1001,'Счетчик с сериным номером 1 не отвечает','2018-03-31 15:49:08'),(207,5306,1001,'Счетчик с сериным номером 1 не отвечает','2018-03-31 16:49:13'),(208,5306,1001,'Счетчик с сериным номером 1 не отвечает','2018-03-31 17:49:07'),(209,5307,1001,'Счетчик с сериным номером 3 не отвечает','2018-03-31 17:49:08'),(210,5306,1001,'Счетчик с сериным номером 1 не отвечает','2018-03-31 18:49:09'),(211,5306,1001,'Счетчик с сериным номером 1 не отвечает','2018-04-01 08:16:02'),(212,5307,1001,'Счетчик с сериным номером 3 не отвечает','2018-04-01 08:16:03'),(213,5306,1001,'Счетчик с сериным номером 1 не отвечает','2018-04-01 09:17:06'),(214,5306,1001,'Счетчик с сериным номером 1 не отвечает','2018-04-01 10:17:09'),(215,5309,1001,'Счетчик с сериным номером 2 не отвечает','2018-04-01 10:41:27'),(216,5306,1001,'Счетчик с сериным номером 1 не отвечает','2018-04-01 11:16:04'),(217,5307,1001,'Счетчик с сериным номером 3 не отвечает','2018-04-01 11:16:04'),(218,5306,1001,'Счетчик с сериным номером 1 не отвечает','2018-04-01 12:17:01'),(219,5306,1001,'Счетчик с сериным номером 1 не отвечает','2018-04-01 13:17:03'),(220,5306,1001,'Счетчик с сериным номером 1 не отвечает','2018-04-01 14:16:04'),(221,5307,1001,'Счетчик с сериным номером 3 не отвечает','2018-04-01 14:16:05'),(222,5306,1001,'Счетчик с сериным номером 1 не отвечает','2018-04-01 15:17:01'),(223,5306,1001,'Счетчик с сериным номером 1 не отвечает','2018-04-01 16:17:04'),(224,5306,1001,'Счетчик с сериным номером 1 не отвечает','2018-04-01 17:16:05'),(225,5307,1001,'Счетчик с сериным номером 3 не отвечает','2018-04-01 17:16:06'),(226,5306,1001,'Счетчик с сериным номером 1 не отвечает','2018-04-01 18:17:02'),(227,5306,1001,'Счетчик с сериным номером 1 не отвечает','2018-04-01 20:39:28'),(228,5307,1001,'Счетчик с сериным номером 3 не отвечает','2018-04-01 20:39:29'),(229,5306,1001,'Счетчик с сериным номером 1 не отвечает','2018-04-02 06:26:00'),(230,5307,1001,'Счетчик с сериным номером 3 не отвечает','2018-04-02 06:26:01'),(231,5306,1001,'Счетчик с сериным номером 1 не отвечает','2018-04-02 07:26:04'),(232,5306,1001,'Счетчик с сериным номером 1 не отвечает','2018-04-02 08:26:10'),(233,5309,1001,'Счетчик с сериным номером 4 не отвечает','2018-04-02 09:26:02'),(234,5309,1001,'Счетчик с сериным номером 4 не отвечает','2018-04-02 10:26:02'),(235,5309,1001,'Счетчик с сериным номером 4 не отвечает','2018-04-02 10:26:08'),(236,5309,1001,'Счетчик с сериным номером 4 не отвечает','2018-04-02 12:26:05'),(237,5309,1001,'Счетчик с сериным номером 4 не отвечает','2018-04-02 15:26:08'),(238,5309,1001,'Счетчик с сериным номером 4 не отвечает','2018-04-02 18:26:11'),(239,5309,1001,'Счетчик с сериным номером 4 не отвечает','2018-04-03 07:46:22'),(240,5309,1001,'Счетчик с сериным номером 4 не отвечает','2018-04-03 10:46:23'),(241,5309,1001,'Счетчик с сериным номером 4 не отвечает','2018-04-03 12:35:00'),(242,5309,1001,'Счетчик с сериным номером 4 не отвечает','2018-04-03 13:46:26'),(243,5309,1001,'Счетчик с сериным номером 4 не отвечает','2018-04-03 16:46:28'),(244,5309,1001,'Счетчик с сериным номером 4 не отвечает','2018-04-04 07:58:34'),(245,5309,1001,'Счетчик с сериным номером 4 не отвечает','2018-04-04 10:58:36'),(246,5309,1001,'Счетчик с сериным номером 4 не отвечает','2018-04-04 13:58:40'),(247,5309,1001,'Счетчик с сериным номером 4 не отвечает','2018-04-04 16:58:45'),(248,5318,1001,'Счетчик с сериным номером 5 не отвечает','2018-04-04 16:58:45'),(249,5309,1001,'Счетчик с сериным номером 4 не отвечает','2018-04-05 08:20:52'),(250,5318,1001,'Счетчик с сериным номером 5 не отвечает','2018-04-05 08:20:53'),(251,5309,1001,'Счетчик с сериным номером 4 не отвечает','2018-04-05 11:20:55'),(252,5318,1001,'Счетчик с сериным номером 5 не отвечает','2018-04-05 11:20:55'),(253,5309,1001,'Счетчик с сериным номером 4 не отвечает','2018-04-05 12:14:38'),(254,5318,1001,'Счетчик с сериным номером 5 не отвечает','2018-04-06 12:53:57'),(255,5318,1001,'Счетчик с сериным номером 5 не отвечает','2018-04-06 12:53:57'),(256,5318,1001,'Счетчик с сериным номером 5 не отвечает','2018-04-06 12:53:58'),(257,5318,1001,'Счетчик с сериным номером 5 не отвечает','2018-04-06 12:53:58'),(258,5318,1001,'Счетчик с сериным номером 5 не отвечает','2018-04-06 12:53:59'),(259,5318,1001,'Счетчик с сериным номером 5 не отвечает','2018-04-06 12:53:59'),(260,5318,1001,'Счетчик с сериным номером 5 не отвечает','2018-04-06 12:54:00'),(261,5318,1001,'Счетчик с сериным номером 5 не отвечает','2018-04-06 12:54:00'),(262,5318,1001,'Счетчик с сериным номером 5 не отвечает','2018-04-06 12:54:00'),(263,5318,1001,'Счетчик с сериным номером 5 не отвечает','2018-04-06 12:54:01'),(264,5318,1001,'Счетчик с сериным номером 5 не отвечает','2018-04-06 12:54:01'),(265,5318,1001,'Счетчик с сериным номером 5 не отвечает','2018-04-06 12:54:02'),(266,5318,1001,'Счетчик с сериным номером 5 не отвечает','2018-04-06 12:54:02'),(267,5318,1001,'Счетчик с сериным номером 5 не отвечает','2018-04-06 12:54:21'),(268,5318,1001,'Счетчик с сериным номером 5 не отвечает','2018-04-06 12:54:21'),(269,5318,1001,'Счетчик с сериным номером 5 не отвечает','2018-04-06 12:54:22'),(270,5318,1001,'Счетчик с сериным номером 5 не отвечает','2018-04-06 12:54:22'),(271,5318,1001,'Счетчик с сериным номером 5 не отвечает','2018-04-06 12:54:23'),(272,5318,1001,'Счетчик с сериным номером 5 не отвечает','2018-04-06 12:54:23'),(273,5318,1001,'Счетчик с сериным номером 5 не отвечает','2018-04-06 12:54:24'),(274,5318,1001,'Счетчик с сериным номером 5 не отвечает','2018-04-06 12:54:24'),(275,5318,1001,'Счетчик с сериным номером 5 не отвечает','2018-04-06 12:54:25'),(276,5318,1001,'Счетчик с сериным номером 5 не отвечает','2018-04-06 12:54:25'),(277,5318,1001,'Счетчик с сериным номером 5 не отвечает','2018-04-06 12:54:25'),(278,5318,1001,'Счетчик с сериным номером 5 не отвечает','2018-04-06 12:54:26'),(279,5318,1001,'Счетчик с сериным номером 5 не отвечает','2018-04-06 12:54:26'),(280,5318,1001,'Счетчик с сериным номером 5 не отвечает','2018-04-06 12:54:27'),(281,5318,1001,'Счетчик с сериным номером 5 не отвечает','2018-04-06 12:54:27'),(282,5318,1001,'Счетчик с сериным номером 5 не отвечает','2018-04-06 12:54:28'),(283,5318,1001,'Счетчик с сериным номером 5 не отвечает','2018-04-06 12:54:28'),(284,5318,1001,'Счетчик с сериным номером 5 не отвечает','2018-04-06 12:54:28'),(285,5318,1001,'Счетчик с сериным номером 5 не отвечает','2018-04-06 12:54:29'),(286,5309,1001,'Счетчик с сериным номером 4 не отвечает','2018-04-06 12:55:11'),(287,5309,1001,'Счетчик с сериным номером 4 не отвечает','2018-04-22 13:01:31'),(288,5309,1001,'Счетчик с сериным номером 4 не отвечает','2018-04-06 16:02:30'),(289,5309,1001,'Счетчик с сериным номером 4 не отвечает','2018-04-06 19:02:32'),(290,5309,1001,'Счетчик с сериным номером 4 не отвечает','2018-04-07 07:20:39'),(291,5309,1001,'Счетчик с сериным номером 4 не отвечает','2018-04-07 10:20:41'),(292,5309,1001,'Счетчик с сериным номером 4 не отвечает','2018-04-07 13:20:40'),(293,5309,1001,'Счетчик с сериным номером 4 не отвечает','2018-04-07 16:20:41'),(294,5309,1001,'Счетчик с сериным номером 4 не отвечает','2018-04-07 19:20:41'),(295,5309,1001,'Счетчик с сериным номером 4 не отвечает','2018-04-08 09:19:11'),(296,5309,1001,'Счетчик с сериным номером 4 не отвечает','2018-04-08 12:19:12'),(297,5309,1001,'Счетчик с сериным номером 4 не отвечает','2018-04-08 15:19:13'),(298,5305,1001,'Счетчик с сериным номером 201506201113 не отвечает','2018-04-08 18:19:15'),(299,5306,1001,'Счетчик с сериным номером 201506201117 не отвечает','2018-04-08 18:19:16'),(300,5307,1001,'Счетчик с сериным номером 201506201112 не отвечает','2018-04-08 18:19:16'),(301,5308,1001,'Счетчик с сериным номером 201506201118 не отвечает','2018-04-08 18:19:17'),(302,5309,1001,'Счетчик с сериным номером 201506201155 не отвечает','2018-04-08 18:19:17'),(303,5311,1001,'Счетчик с сериным номером 201506201111 не отвечает','2018-04-08 18:19:18'),(304,5312,1001,'Счетчик с сериным номером 201506201157 не отвечает','2018-04-08 18:19:18'),(305,5313,1001,'Счетчик с сериным номером 201506201152 не отвечает','2018-04-08 18:19:19'),(306,5314,1001,'Счетчик с сериным номером 201506201150 не отвечает','2018-04-08 18:19:20'),(307,5315,1001,'Счетчик с сериным номером 201506201151 не отвечает','2018-04-08 18:19:20'),(308,5316,1001,'Счетчик с сериным номером 201506201153 не отвечает','2018-04-08 18:19:21'),(309,5317,1001,'Счетчик с сериным номером 201506201156 не отвечает','2018-04-08 18:19:21'),(310,5305,1001,'Счетчик с сериным номером 201506201113 не отвечает','2018-04-08 21:19:18'),(311,5306,1001,'Счетчик с сериным номером 201506201117 не отвечает','2018-04-08 21:19:19'),(312,5307,1001,'Счетчик с сериным номером 201506201112 не отвечает','2018-04-08 21:19:19'),(313,5308,1001,'Счетчик с сериным номером 201506201118 не отвечает','2018-04-08 21:19:20'),(314,5309,1001,'Счетчик с сериным номером 201506201155 не отвечает','2018-04-08 21:19:20'),(315,5311,1001,'Счетчик с сериным номером 201506201111 не отвечает','2018-04-08 21:19:21'),(316,5312,1001,'Счетчик с сериным номером 201506201157 не отвечает','2018-04-08 21:19:21'),(317,5313,1001,'Счетчик с сериным номером 201506201152 не отвечает','2018-04-08 21:19:22'),(318,5314,1001,'Счетчик с сериным номером 201506201150 не отвечает','2018-04-08 21:19:22'),(319,5315,1001,'Счетчик с сериным номером 201506201151 не отвечает','2018-04-08 21:19:23'),(320,5316,1001,'Счетчик с сериным номером 201506201153 не отвечает','2018-04-08 21:19:23'),(321,5317,1001,'Счетчик с сериным номером 201506201156 не отвечает','2018-04-08 21:19:24'),(322,5305,1001,'Счетчик с сериным номером 201506201113 не отвечает','2018-04-09 08:23:16'),(323,5306,1001,'Счетчик с сериным номером 201506201117 не отвечает','2018-04-09 08:23:16'),(324,5307,1001,'Счетчик с сериным номером 201506201112 не отвечает','2018-04-09 08:23:17'),(325,5308,1001,'Счетчик с сериным номером 201506201118 не отвечает','2018-04-09 08:23:17'),(326,5309,1001,'Счетчик с сериным номером 201506201155 не отвечает','2018-04-09 08:23:18'),(327,5311,1001,'Счетчик с сериным номером 201506201111 не отвечает','2018-04-09 08:23:18'),(328,5312,1001,'Счетчик с сериным номером 201506201157 не отвечает','2018-04-09 08:23:18'),(329,5313,1001,'Счетчик с сериным номером 201506201152 не отвечает','2018-04-09 08:23:19'),(330,5314,1001,'Счетчик с сериным номером 201506201150 не отвечает','2018-04-09 08:23:19'),(331,5315,1001,'Счетчик с сериным номером 201506201151 не отвечает','2018-04-09 08:23:20'),(332,5316,1001,'Счетчик с сериным номером 201506201153 не отвечает','2018-04-09 08:23:20'),(333,5317,1001,'Счетчик с сериным номером 201506201156 не отвечает','2018-04-09 08:23:21'),(334,5305,1001,'Счетчик с сериным номером 201506201113 не отвечает','2018-04-09 11:23:18'),(335,5306,1001,'Счетчик с сериным номером 201506201117 не отвечает','2018-04-09 11:23:18'),(336,5307,1001,'Счетчик с сериным номером 201506201112 не отвечает','2018-04-09 11:23:19'),(337,5308,1001,'Счетчик с сериным номером 201506201118 не отвечает','2018-04-09 11:23:19'),(338,5309,1001,'Счетчик с сериным номером 201506201155 не отвечает','2018-04-09 11:23:20'),(339,5311,1001,'Счетчик с сериным номером 201506201111 не отвечает','2018-04-09 11:23:20'),(340,5312,1001,'Счетчик с сериным номером 201506201157 не отвечает','2018-04-09 11:23:21'),(341,5313,1001,'Счетчик с сериным номером 201506201152 не отвечает','2018-04-09 11:23:21'),(342,5314,1001,'Счетчик с сериным номером 201506201150 не отвечает','2018-04-09 11:23:22'),(343,5315,1001,'Счетчик с сериным номером 201506201151 не отвечает','2018-04-09 11:23:22'),(344,5316,1001,'Счетчик с сериным номером 201506201153 не отвечает','2018-04-09 11:23:22'),(345,5317,1001,'Счетчик с сериным номером 201506201156 не отвечает','2018-04-09 11:23:23'),(346,5305,1001,'Счетчик с сериным номером 201506201113 не отвечает','2018-04-09 14:23:21'),(347,5306,1001,'Счетчик с сериным номером 201506201117 не отвечает','2018-04-09 14:23:22'),(348,5307,1001,'Счетчик с сериным номером 201506201112 не отвечает','2018-04-09 14:23:22'),(349,5308,1001,'Счетчик с сериным номером 201506201118 не отвечает','2018-04-09 14:23:23'),(350,5309,1001,'Счетчик с сериным номером 201506201155 не отвечает','2018-04-09 14:23:23'),(351,5311,1001,'Счетчик с сериным номером 201506201111 не отвечает','2018-04-09 14:23:24'),(352,5312,1001,'Счетчик с сериным номером 201506201157 не отвечает','2018-04-09 14:23:24'),(353,5313,1001,'Счетчик с сериным номером 201506201152 не отвечает','2018-04-09 14:23:25'),(354,5314,1001,'Счетчик с сериным номером 201506201150 не отвечает','2018-04-09 14:23:25'),(355,5315,1001,'Счетчик с сериным номером 201506201151 не отвечает','2018-04-09 14:23:25'),(356,5316,1001,'Счетчик с сериным номером 201506201153 не отвечает','2018-04-09 14:23:26'),(357,5317,1001,'Счетчик с сериным номером 201506201156 не отвечает','2018-04-09 14:23:26'),(358,5305,1001,'Счетчик с сериным номером 201506201113 не отвечает','2018-04-09 17:23:23'),(359,5306,1001,'Счетчик с сериным номером 201506201117 не отвечает','2018-04-09 17:23:23'),(360,5307,1001,'Счетчик с сериным номером 201506201112 не отвечает','2018-04-09 17:23:24'),(361,5308,1001,'Счетчик с сериным номером 201506201118 не отвечает','2018-04-09 17:23:25'),(362,5309,1001,'Счетчик с сериным номером 201506201155 не отвечает','2018-04-09 17:23:25'),(363,5311,1001,'Счетчик с сериным номером 201506201111 не отвечает','2018-04-09 17:23:26'),(364,5312,1001,'Счетчик с сериным номером 201506201157 не отвечает','2018-04-09 17:23:26'),(365,5313,1001,'Счетчик с сериным номером 201506201152 не отвечает','2018-04-09 17:23:27'),(366,5314,1001,'Счетчик с сериным номером 201506201150 не отвечает','2018-04-09 17:23:27'),(367,5315,1001,'Счетчик с сериным номером 201506201151 не отвечает','2018-04-09 17:23:28'),(368,5316,1001,'Счетчик с сериным номером 201506201153 не отвечает','2018-04-09 17:23:28'),(369,5317,1001,'Счетчик с сериным номером 201506201156 не отвечает','2018-04-09 17:23:29'),(370,5305,1001,'Счетчик с сериным номером 201506201113 не отвечает','2018-05-26 12:24:35'),(371,5306,1001,'Счетчик с сериным номером 201506201117 не отвечает','2018-05-26 12:24:35'),(372,5307,1001,'Счетчик с сериным номером 201506201112 не отвечает','2018-05-26 12:24:35'),(373,5308,1001,'Счетчик с сериным номером 201506201118 не отвечает','2018-05-26 12:24:36'),(374,5309,1001,'Счетчик с сериным номером 201506201155 не отвечает','2018-05-26 12:24:36'),(375,5311,1001,'Счетчик с сериным номером 201506201111 не отвечает','2018-05-26 12:24:37'),(376,5312,1001,'Счетчик с сериным номером 201506201157 не отвечает','2018-05-26 12:24:37'),(377,5313,1001,'Счетчик с сериным номером 201506201152 не отвечает','2018-05-26 12:24:38'),(378,5314,1001,'Счетчик с сериным номером 201506201150 не отвечает','2018-05-26 12:24:38'),(379,5315,1001,'Счетчик с сериным номером 201506201151 не отвечает','2018-05-26 12:24:38'),(380,5316,1001,'Счетчик с сериным номером 201506201153 не отвечает','2018-05-26 12:24:39'),(381,5317,1001,'Счетчик с сериным номером 201506201156 не отвечает','2018-05-26 12:24:39'),(382,5318,3001,'Серийный номер 201506201154 - нет данных для точки 2018-05-26 18:15:00','2018-05-26 12:24:40'),(383,5318,1001,'Счетчик с сериным номером 201506201154 не отвечает','2018-05-26 14:03:02'),(384,5318,1001,'Счетчик с сериным номером 201506201154 не отвечает','2018-05-26 14:41:12'),(385,5305,1001,'Счетчик с сериным номером 201506201113 не отвечает','2018-06-03 11:37:04'),(386,5306,1001,'Счетчик с сериным номером 201506201117 не отвечает','2018-06-03 11:37:04'),(387,5307,1001,'Счетчик с сериным номером 201506201112 не отвечает','2018-06-03 11:37:05'),(388,5308,1001,'Счетчик с сериным номером 201506201118 не отвечает','2018-06-03 11:37:05'),(389,5309,1001,'Счетчик с сериным номером 201506201155 не отвечает','2018-06-03 11:37:05'),(390,5311,1001,'Счетчик с сериным номером 201506201111 не отвечает','2018-06-03 11:37:06'),(391,5318,1001,'Счетчик с сериным номером 201506201154 не отвечает','2018-06-03 11:37:06'),(392,5319,1001,'Счетчик с сериным номером 12 не отвечает','2018-06-03 11:38:55'),(393,5319,1001,'Счетчик с сериным номером 12 не отвечает','2018-06-03 11:38:56'),(394,5319,1001,'Счетчик с сериным номером 12 не отвечает','2018-06-03 11:38:56'),(395,5319,1001,'Счетчик с сериным номером 12 не отвечает','2018-06-03 11:38:56'),(440,5318,1001,'Счетчик с сериным номером 201506201154 не отвечает','2018-06-03 12:37:10'),(441,1,3001,'Серийный номер 2 - нет данных для точки 2018-06-03 19:15:00','2018-06-03 13:21:41'),(442,5347,3001,'Серийный номер 2 - нет данных для точки 2018-06-03 19:15:00','2018-06-03 13:23:04'),(443,1,1001,'Счетчик с сериным номером  не отвечает','2019-08-06 07:10:28'),(444,5305,1001,'Счетчик с сериным номером 201506201113 не отвечает','2019-08-06 07:10:29'),(445,5306,1001,'Счетчик с сериным номером 201506201117 не отвечает','2019-08-06 07:10:29'),(446,5307,1001,'Счетчик с сериным номером 201506201112 не отвечает','2019-08-06 07:10:30'),(447,5308,1001,'Счетчик с сериным номером 201506201118 не отвечает','2019-08-06 07:10:31'),(448,5309,1001,'Счетчик с сериным номером 201506201155 не отвечает','2019-08-06 07:10:31'),(449,5311,1001,'Счетчик с сериным номером 201506201111 не отвечает','2019-08-06 07:10:32'),(450,5312,1001,'Счетчик с сериным номером 201506201157 не отвечает','2019-08-06 07:10:33'),(451,5313,1001,'Счетчик с сериным номером 201506201152 не отвечает','2019-08-06 07:10:34'),(452,5314,1001,'Счетчик с сериным номером 201506201150 не отвечает','2019-08-06 07:10:34'),(453,5315,1001,'Счетчик с сериным номером 201506201151 не отвечает','2019-08-06 07:10:35'),(454,5316,1001,'Счетчик с сериным номером 201506201153 не отвечает','2019-08-06 07:11:17'),(455,5317,1001,'Счетчик с сериным номером 201506201156 не отвечает','2019-08-06 07:11:18'),(456,5318,1001,'Счетчик с сериным номером 201506201154 не отвечает','2019-08-06 07:11:19'),(457,5332,1001,'Счетчик с сериным номером 201506201128 не отвечает','2019-08-06 07:11:20'),(458,5346,1001,'Счетчик с сериным номером 233 не отвечает','2019-08-06 07:11:20');
/*!40000 ALTER TABLE `meter_errors` ENABLE KEYS */;
UNLOCK TABLES;

--
-- Table structure for table `meter_replacements`
--

DROP TABLE IF EXISTS `meter_replacements`;
/*!40101 SET @saved_cs_client     = @@character_set_client */;
/*!40101 SET character_set_client = utf8 */;
CREATE TABLE `meter_replacements` (
  `id` int(11) NOT NULL AUTO_INCREMENT,
  `meter_id` int(11) NOT NULL,
  `value_old` decimal(9,2) NOT NULL,
  `value_new` decimal(9,2) NOT NULL,
  `difference` decimal(9,2) NOT NULL,
  `created_at` timestamp NOT NULL DEFAULT CURRENT_TIMESTAMP ON UPDATE CURRENT_TIMESTAMP,
  PRIMARY KEY (`id`)
) ENGINE=InnoDB DEFAULT CHARSET=utf8 COLLATE=utf8_bin;
/*!40101 SET character_set_client = @saved_cs_client */;

--
-- Dumping data for table `meter_replacements`
--

LOCK TABLES `meter_replacements` WRITE;
/*!40000 ALTER TABLE `meter_replacements` DISABLE KEYS */;
/*!40000 ALTER TABLE `meter_replacements` ENABLE KEYS */;
UNLOCK TABLES;

--
-- Table structure for table `meter_status`
--

DROP TABLE IF EXISTS `meter_status`;
/*!40101 SET @saved_cs_client     = @@character_set_client */;
/*!40101 SET character_set_client = utf8 */;
CREATE TABLE `meter_status` (
  `id` int(11) NOT NULL AUTO_INCREMENT,
  `name` varchar(50) COLLATE utf8_bin NOT NULL,
  PRIMARY KEY (`id`)
) ENGINE=InnoDB AUTO_INCREMENT=4 DEFAULT CHARSET=utf8 COLLATE=utf8_bin;
/*!40101 SET character_set_client = @saved_cs_client */;

--
-- Dumping data for table `meter_status`
--

LOCK TABLES `meter_status` WRITE;
/*!40000 ALTER TABLE `meter_status` DISABLE KEYS */;
INSERT INTO `meter_status` VALUES (0,'Выключен'),(1,'Включен'),(2,'Не отвечает'),(3,'Не зарегистрирован');
/*!40000 ALTER TABLE `meter_status` ENABLE KEYS */;
UNLOCK TABLES;

--
-- Table structure for table `meter_types`
--

DROP TABLE IF EXISTS `meter_types`;
/*!40101 SET @saved_cs_client     = @@character_set_client */;
/*!40101 SET character_set_client = utf8 */;
CREATE TABLE `meter_types` (
  `id` int(11) NOT NULL AUTO_INCREMENT,
  `name` varchar(50) COLLATE utf8_bin NOT NULL,
  PRIMARY KEY (`id`)
) ENGINE=InnoDB AUTO_INCREMENT=5 DEFAULT CHARSET=utf8 COLLATE=utf8_bin;
/*!40101 SET character_set_client = @saved_cs_client */;

--
-- Dumping data for table `meter_types`
--

LOCK TABLES `meter_types` WRITE;
/*!40000 ALTER TABLE `meter_types` DISABLE KEYS */;
INSERT INTO `meter_types` VALUES (1,'Пользовательский'),(2,'Контрольный'),(3,'Временный'),(4,'Без SIM');
/*!40000 ALTER TABLE `meter_types` ENABLE KEYS */;
UNLOCK TABLES;

--
-- Table structure for table `meters`
--

DROP TABLE IF EXISTS `meters`;
/*!40101 SET @saved_cs_client     = @@character_set_client */;
/*!40101 SET character_set_client = utf8 */;
CREATE TABLE `meters` (
  `id` int(11) NOT NULL AUTO_INCREMENT,
  `parent_id` int(11) NOT NULL DEFAULT '0',
  `parent_path` text COLLATE utf8_bin,
  `child_path` text COLLATE utf8_bin,
  `user_id` int(11) DEFAULT NULL,
  `nst_lvl` tinyint(4) NOT NULL DEFAULT '1',
  `type_id` tinyint(4) NOT NULL DEFAULT '1',
  `status_id` tinyint(4) NOT NULL DEFAULT '3',
  `value` decimal(9,2) DEFAULT NULL,
  `ip_address` varchar(30) COLLATE utf8_bin DEFAULT NULL,
  `login` varchar(30) COLLATE utf8_bin DEFAULT NULL,
  `password` varchar(30) COLLATE utf8_bin DEFAULT NULL,
  `serial` varchar(30) COLLATE utf8_bin DEFAULT NULL,
  `rate_id` int(11) NOT NULL,
  `operator_id` int(11) DEFAULT NULL,
  `address_id` int(11) NOT NULL,
  `description` tinytext COLLATE utf8_bin,
  `request_pended` timestamp NULL DEFAULT NULL,
  `is_replacement` tinyint(4) NOT NULL DEFAULT '0',
  `is_inquired` tinyint(4) NOT NULL DEFAULT '0',
  `not_response_cnt` smallint(6) NOT NULL DEFAULT '0',
  `short_deferred_cnt` smallint(6) NOT NULL DEFAULT '0',
  `long_deferred_cnt` smallint(6) NOT NULL DEFAULT '0',
  `deferred_time` timestamp NULL DEFAULT NULL,
  `display` tinyint(4) NOT NULL DEFAULT '1',
  `tozelesh` tinyint(4) NOT NULL DEFAULT '0',
  `created_at` timestamp NULL DEFAULT NULL,
  `updated_at` timestamp NULL DEFAULT NULL,
  `deleted_at` timestamp NULL DEFAULT NULL,
  PRIMARY KEY (`id`),
  UNIQUE KEY `serial` (`serial`)
) ENGINE=InnoDB AUTO_INCREMENT=12 DEFAULT CHARSET=utf8 COLLATE=utf8_bin;
/*!40101 SET character_set_client = @saved_cs_client */;

--
-- Dumping data for table `meters`
--

LOCK TABLES `meters` WRITE;
/*!40000 ALTER TABLE `meters` DISABLE KEYS */;
INSERT INTO `meters` VALUES (1,10,'10',NULL,30,1,1,2,0.51,'localhost.welcome/meters/1у342','admin','312122','15845297812',1,1,11,NULL,NULL,0,0,1,0,0,'2019-08-06 07:10:28',1,0,'2018-02-23 07:11:27','2020-03-18 11:27:51',NULL),(2,10,'10',NULL,1,1,1,1,3583.00,'meter1.asum','test','test','15845297891',1,1,1,NULL,NULL,0,0,0,0,0,NULL,1,0,'2020-03-18 11:09:49','2020-03-18 11:27:56',NULL),(3,10,'10',NULL,2,1,1,1,9228.00,'meter2.asum','test','test','15845297892',1,1,2,NULL,NULL,0,0,0,0,0,NULL,1,0,'2020-03-18 11:09:49','2020-03-18 11:28:02',NULL),(4,0,NULL,NULL,3,1,1,1,3516.00,'meter3.asum','test','test','15845297893',1,1,3,NULL,NULL,0,0,0,0,0,NULL,1,0,'2020-03-18 11:09:49',NULL,NULL),(5,0,NULL,NULL,4,1,1,1,6510.00,'meter4.asum','test','test','15845297894',1,1,4,NULL,NULL,0,0,0,0,0,NULL,1,0,'2020-03-18 11:09:49',NULL,NULL),(6,0,NULL,NULL,5,1,1,1,5005.00,'meter5.asum','test','test','15845297895',1,1,5,NULL,NULL,0,0,0,0,0,NULL,1,0,'2020-03-18 11:09:49',NULL,NULL),(7,0,NULL,NULL,6,1,1,1,7057.00,'meter6.asum','test','test','15845297896',1,1,6,NULL,NULL,0,0,0,0,0,NULL,1,0,'2020-03-18 11:09:49',NULL,NULL),(8,0,NULL,NULL,7,1,1,1,7036.00,'meter7.asum','test','test','15845297897',1,1,7,NULL,NULL,0,0,0,0,0,NULL,1,0,'2020-03-18 11:09:49',NULL,NULL),(9,0,NULL,NULL,8,1,1,1,5590.00,'meter8.asum','test','test','15845297898',1,1,8,NULL,NULL,0,0,0,0,0,NULL,1,0,'2020-03-18 11:09:49',NULL,NULL),(10,0,NULL,'1,2,3',9,1,2,1,8381.00,'meter9.asum','test','test','15845297899',1,1,9,NULL,NULL,0,0,0,0,0,NULL,1,0,'2020-03-18 11:09:49','2020-03-18 11:27:51',NULL);
/*!40000 ALTER TABLE `meters` ENABLE KEYS */;
UNLOCK TABLES;

--
-- Table structure for table `migrations`
--

DROP TABLE IF EXISTS `migrations`;
/*!40101 SET @saved_cs_client     = @@character_set_client */;
/*!40101 SET character_set_client = utf8 */;
CREATE TABLE `migrations` (
  `id` int(10) unsigned NOT NULL AUTO_INCREMENT,
  `migration` varchar(255) COLLATE utf8mb4_unicode_ci NOT NULL,
  `batch` int(11) NOT NULL,
  PRIMARY KEY (`id`)
) ENGINE=InnoDB AUTO_INCREMENT=8 DEFAULT CHARSET=utf8mb4 COLLATE=utf8mb4_unicode_ci;
/*!40101 SET character_set_client = @saved_cs_client */;

--
-- Dumping data for table `migrations`
--

LOCK TABLES `migrations` WRITE;
/*!40000 ALTER TABLE `migrations` DISABLE KEYS */;
INSERT INTO `migrations` VALUES (7,'2020_03_18_173248_init_project',1);
/*!40000 ALTER TABLE `migrations` ENABLE KEYS */;
UNLOCK TABLES;

--
-- Table structure for table `mobile_operators`
--

DROP TABLE IF EXISTS `mobile_operators`;
/*!40101 SET @saved_cs_client     = @@character_set_client */;
/*!40101 SET character_set_client = utf8 */;
CREATE TABLE `mobile_operators` (
  `id` int(11) NOT NULL AUTO_INCREMENT,
  `name` varchar(50) COLLATE utf8_bin NOT NULL,
  `name_en` varchar(50) COLLATE utf8_bin NOT NULL,
  `created_at` timestamp NOT NULL DEFAULT CURRENT_TIMESTAMP ON UPDATE CURRENT_TIMESTAMP,
  PRIMARY KEY (`id`)
) ENGINE=InnoDB AUTO_INCREMENT=3 DEFAULT CHARSET=utf8 COLLATE=utf8_bin;
/*!40101 SET character_set_client = @saved_cs_client */;

--
-- Dumping data for table `mobile_operators`
--

LOCK TABLES `mobile_operators` WRITE;
/*!40000 ALTER TABLE `mobile_operators` DISABLE KEYS */;
INSERT INTO `mobile_operators` VALUES (1,'Билайн','beeline','2017-05-30 13:25:23'),(2,'Мегафон','megafon','2017-05-30 13:25:18');
/*!40000 ALTER TABLE `mobile_operators` ENABLE KEYS */;
UNLOCK TABLES;

--
-- Table structure for table `notifications`
--

DROP TABLE IF EXISTS `notifications`;
/*!40101 SET @saved_cs_client     = @@character_set_client */;
/*!40101 SET character_set_client = utf8 */;
CREATE TABLE `notifications` (
  `id` int(11) NOT NULL AUTO_INCREMENT,
  `chunk` int(11) NOT NULL,
  `user_id` int(11) NOT NULL,
  `title` varchar(50) COLLATE utf8_bin NOT NULL,
  `message` text COLLATE utf8_bin NOT NULL,
  `created_at` timestamp NOT NULL DEFAULT CURRENT_TIMESTAMP,
  `unread` tinyint(4) NOT NULL DEFAULT '1',
  PRIMARY KEY (`id`)
) ENGINE=InnoDB AUTO_INCREMENT=9 DEFAULT CHARSET=utf8 COLLATE=utf8_bin;
/*!40101 SET character_set_client = @saved_cs_client */;

--
-- Dumping data for table `notifications`
--

LOCK TABLES `notifications` WRITE;
/*!40000 ALTER TABLE `notifications` DISABLE KEYS */;
INSERT INTO `notifications` VALUES (6,0,1,'Возможный сбой счетчика - 201506201154','Последние показания счетчика 201506201154 отличаются от ожидаемых. \r\n                                                        <br> Адрес счетчика - Test Test -\r\n                                                        <br> Предыдущее показание - 0.81\r\n                                                        <br> Последнее показание - 0.71','2018-05-26 13:35:39',0),(7,0,1,'Возможный сбой счетчика - 201506201154','Последнее показание счетчика 201506201154 отличается от ожидаемых. \r\n                                                        <br> Адрес счетчика - Test Test -\r\n                                                        <br> Предыдущее показание - 0.71\r\n                                                        <br> Последнее показание - 0.51','2018-05-26 13:48:22',0),(8,0,1,'Счетчик 201506201154 не отвечает','Счетчик с серийным номером 201506201154 не отвечает более суток','2018-05-26 14:41:12',0);
/*!40000 ALTER TABLE `notifications` ENABLE KEYS */;
UNLOCK TABLES;

--
-- Table structure for table `o_control_values`
--

DROP TABLE IF EXISTS `o_control_values`;
/*!40101 SET @saved_cs_client     = @@character_set_client */;
/*!40101 SET character_set_client = utf8 */;
CREATE TABLE `o_control_values` (
  `id` int(11) NOT NULL AUTO_INCREMENT,
  `type_id` int(11) NOT NULL,
  `difference` decimal(9,2) NOT NULL,
  `accruals` decimal(9,2) NOT NULL,
  `created_at` timestamp NULL DEFAULT CURRENT_TIMESTAMP,
  PRIMARY KEY (`id`)
) ENGINE=InnoDB DEFAULT CHARSET=utf8 COLLATE=utf8_bin;
/*!40101 SET character_set_client = @saved_cs_client */;

--
-- Dumping data for table `o_control_values`
--

LOCK TABLES `o_control_values` WRITE;
/*!40000 ALTER TABLE `o_control_values` DISABLE KEYS */;
/*!40000 ALTER TABLE `o_control_values` ENABLE KEYS */;
UNLOCK TABLES;

--
-- Table structure for table `o_meters`
--

DROP TABLE IF EXISTS `o_meters`;
/*!40101 SET @saved_cs_client     = @@character_set_client */;
/*!40101 SET character_set_client = utf8 */;
CREATE TABLE `o_meters` (
  `id` int(11) NOT NULL AUTO_INCREMENT,
  `name` varchar(100) COLLATE utf8_bin NOT NULL,
  `name_en` varchar(100) COLLATE utf8_bin NOT NULL,
  `price` decimal(9,2) NOT NULL DEFAULT '0.00',
  PRIMARY KEY (`id`)
) ENGINE=InnoDB AUTO_INCREMENT=5 DEFAULT CHARSET=utf8 COLLATE=utf8_bin;
/*!40101 SET character_set_client = @saved_cs_client */;

--
-- Dumping data for table `o_meters`
--

LOCK TABLES `o_meters` WRITE;
/*!40000 ALTER TABLE `o_meters` DISABLE KEYS */;
INSERT INTO `o_meters` VALUES (1,'Холодная вода','cold',0.00),(2,'Горячая вода','hot',0.00),(3,'Отопление','heating',0.00),(4,'Газ','gas',0.00);
/*!40000 ALTER TABLE `o_meters` ENABLE KEYS */;
UNLOCK TABLES;

--
-- Table structure for table `o_users_meters`
--

DROP TABLE IF EXISTS `o_users_meters`;
/*!40101 SET @saved_cs_client     = @@character_set_client */;
/*!40101 SET character_set_client = utf8 */;
CREATE TABLE `o_users_meters` (
  `id` int(11) NOT NULL AUTO_INCREMENT,
  `user_id` int(11) NOT NULL,
  `type_id` int(11) NOT NULL,
  `serial` varchar(40) COLLATE utf8_bin NOT NULL,
  `created_at` timestamp NOT NULL DEFAULT CURRENT_TIMESTAMP,
  `display` tinyint(4) NOT NULL DEFAULT '1',
  PRIMARY KEY (`id`)
) ENGINE=InnoDB DEFAULT CHARSET=utf8 COLLATE=utf8_bin;
/*!40101 SET character_set_client = @saved_cs_client */;

--
-- Dumping data for table `o_users_meters`
--

LOCK TABLES `o_users_meters` WRITE;
/*!40000 ALTER TABLE `o_users_meters` DISABLE KEYS */;
/*!40000 ALTER TABLE `o_users_meters` ENABLE KEYS */;
UNLOCK TABLES;

--
-- Table structure for table `o_values`
--

DROP TABLE IF EXISTS `o_values`;
/*!40101 SET @saved_cs_client     = @@character_set_client */;
/*!40101 SET character_set_client = utf8 */;
CREATE TABLE `o_values` (
  `id` int(11) NOT NULL AUTO_INCREMENT,
  `meter_id` int(11) NOT NULL,
  `user_id` int(11) NOT NULL,
  `type_id` int(11) NOT NULL,
  `value` decimal(9,2) NOT NULL,
  `difference` decimal(9,2) NOT NULL,
  `accruals` decimal(9,2) NOT NULL,
  `manually` tinyint(4) NOT NULL DEFAULT '0' COMMENT '0 - Показание внесла система; 1 - показание внес ползователь',
  `created_at` timestamp NOT NULL DEFAULT CURRENT_TIMESTAMP,
  `display` tinyint(4) NOT NULL DEFAULT '1',
  PRIMARY KEY (`id`)
) ENGINE=InnoDB DEFAULT CHARSET=utf8 COLLATE=utf8_bin;
/*!40101 SET character_set_client = @saved_cs_client */;

--
-- Dumping data for table `o_values`
--

LOCK TABLES `o_values` WRITE;
/*!40000 ALTER TABLE `o_values` DISABLE KEYS */;
/*!40000 ALTER TABLE `o_values` ENABLE KEYS */;
UNLOCK TABLES;

--
-- Table structure for table `password_resets`
--

DROP TABLE IF EXISTS `password_resets`;
/*!40101 SET @saved_cs_client     = @@character_set_client */;
/*!40101 SET character_set_client = utf8 */;
CREATE TABLE `password_resets` (
  `email` varchar(255) COLLATE utf8mb4_unicode_ci NOT NULL,
  `token` varchar(255) COLLATE utf8mb4_unicode_ci NOT NULL,
  `created_at` timestamp NULL DEFAULT NULL,
  KEY `password_resets_email_index` (`email`(191)),
  KEY `password_resets_token_index` (`token`(191))
) ENGINE=InnoDB DEFAULT CHARSET=utf8mb4 COLLATE=utf8mb4_unicode_ci;
/*!40101 SET character_set_client = @saved_cs_client */;

--
-- Dumping data for table `password_resets`
--

LOCK TABLES `password_resets` WRITE;
/*!40000 ALTER TABLE `password_resets` DISABLE KEYS */;
/*!40000 ALTER TABLE `password_resets` ENABLE KEYS */;
UNLOCK TABLES;

--
-- Table structure for table `rate_intervals`
--

DROP TABLE IF EXISTS `rate_intervals`;
/*!40101 SET @saved_cs_client     = @@character_set_client */;
/*!40101 SET character_set_client = utf8 */;
CREATE TABLE `rate_intervals` (
  `id` int(11) NOT NULL AUTO_INCREMENT,
  `rate_id` int(11) NOT NULL,
  `time_start` smallint(6) NOT NULL,
  `time_end` smallint(6) NOT NULL,
  `price` decimal(9,2) NOT NULL,
  `options` text COLLATE utf8_bin,
  PRIMARY KEY (`id`)
) ENGINE=InnoDB AUTO_INCREMENT=4 DEFAULT CHARSET=utf8 COLLATE=utf8_bin;
/*!40101 SET character_set_client = @saved_cs_client */;

--
-- Dumping data for table `rate_intervals`
--

LOCK TABLES `rate_intervals` WRITE;
/*!40000 ALTER TABLE `rate_intervals` DISABLE KEYS */;
INSERT INTO `rate_intervals` VALUES (1,1,0,1440,1.00,NULL),(2,2,1380,420,1.00,NULL),(3,2,420,1380,2.00,NULL);
/*!40000 ALTER TABLE `rate_intervals` ENABLE KEYS */;
UNLOCK TABLES;

--
-- Table structure for table `rates`
--

DROP TABLE IF EXISTS `rates`;
/*!40101 SET @saved_cs_client     = @@character_set_client */;
/*!40101 SET character_set_client = utf8 */;
CREATE TABLE `rates` (
  `id` int(11) NOT NULL AUTO_INCREMENT,
  `type` tinyint(4) NOT NULL DEFAULT '1',
  `title` varchar(30) COLLATE utf8_bin NOT NULL,
  `description` tinytext COLLATE utf8_bin,
  `display` tinyint(4) NOT NULL DEFAULT '1',
  `created_at` timestamp NULL DEFAULT NULL,
  `updated_at` timestamp NULL DEFAULT NULL,
  `deleted_at` timestamp NULL DEFAULT NULL,
  PRIMARY KEY (`id`)
) ENGINE=InnoDB AUTO_INCREMENT=3 DEFAULT CHARSET=utf8 COLLATE=utf8_bin;
/*!40101 SET character_set_client = @saved_cs_client */;

--
-- Dumping data for table `rates`
--

LOCK TABLES `rates` WRITE;
/*!40000 ALTER TABLE `rates` DISABLE KEYS */;
INSERT INTO `rates` VALUES (1,1,'Берег',NULL,1,'2018-02-23 07:11:00','2018-02-23 07:11:00',NULL),(2,2,'Берег плюс',NULL,1,'2018-06-17 08:48:12','2018-06-17 08:48:12',NULL);
/*!40000 ALTER TABLE `rates` ENABLE KEYS */;
UNLOCK TABLES;

--
-- Table structure for table `roles`
--

DROP TABLE IF EXISTS `roles`;
/*!40101 SET @saved_cs_client     = @@character_set_client */;
/*!40101 SET character_set_client = utf8 */;
CREATE TABLE `roles` (
  `id` int(11) NOT NULL AUTO_INCREMENT,
  `name` varchar(30) COLLATE utf8_bin NOT NULL,
  `slug` varchar(30) COLLATE utf8_bin NOT NULL,
  PRIMARY KEY (`id`)
) ENGINE=InnoDB AUTO_INCREMENT=6 DEFAULT CHARSET=utf8 COLLATE=utf8_bin;
/*!40101 SET character_set_client = @saved_cs_client */;

--
-- Dumping data for table `roles`
--

LOCK TABLES `roles` WRITE;
/*!40000 ALTER TABLE `roles` DISABLE KEYS */;
INSERT INTO `roles` VALUES (1,'Администратор','administrator'),(2,'Менеджер','manager'),(3,'Техник','technician'),(4,'Пользователь','user'),(5,'Тозелеш','tozelesh');
/*!40000 ALTER TABLE `roles` ENABLE KEYS */;
UNLOCK TABLES;

--
-- Table structure for table `tasks`
--

DROP TABLE IF EXISTS `tasks`;
/*!40101 SET @saved_cs_client     = @@character_set_client */;
/*!40101 SET character_set_client = utf8 */;
CREATE TABLE `tasks` (
  `id` int(11) NOT NULL AUTO_INCREMENT,
  `meter_id` int(11) DEFAULT NULL,
  `address_id` int(11) NOT NULL,
  `from_user_id` int(11) DEFAULT NULL,
  `employer_id` int(11) NOT NULL,
  `role_id` int(11) NOT NULL,
  `date_start` timestamp NULL DEFAULT NULL,
  `date_end` timestamp NULL DEFAULT NULL,
  `date_complete` timestamp NULL DEFAULT NULL,
  `message` text COLLATE utf8_bin NOT NULL,
  `code_error` int(11) DEFAULT NULL,
  `created_at` timestamp NULL DEFAULT NULL,
  `updated_at` timestamp NULL DEFAULT NULL,
  `deleted_at` timestamp NULL DEFAULT NULL,
  PRIMARY KEY (`id`)
) ENGINE=InnoDB DEFAULT CHARSET=utf8 COLLATE=utf8_bin;
/*!40101 SET character_set_client = @saved_cs_client */;

--
-- Dumping data for table `tasks`
--

LOCK TABLES `tasks` WRITE;
/*!40000 ALTER TABLE `tasks` DISABLE KEYS */;
/*!40000 ALTER TABLE `tasks` ENABLE KEYS */;
UNLOCK TABLES;

--
-- Table structure for table `tz_object`
--

DROP TABLE IF EXISTS `tz_object`;
/*!40101 SET @saved_cs_client     = @@character_set_client */;
/*!40101 SET character_set_client = utf8 */;
CREATE TABLE `tz_object` (
  `id` int(11) NOT NULL AUTO_INCREMENT,
  `meter_id` int(11) NOT NULL,
  `time_on` varchar(5) COLLATE utf8_bin DEFAULT NULL,
  `time_off` varchar(5) COLLATE utf8_bin DEFAULT NULL,
  `coordinates` text COLLATE utf8_bin NOT NULL,
  `display` tinyint(4) DEFAULT '0',
  `created_at` timestamp NULL DEFAULT NULL,
  PRIMARY KEY (`id`)
) ENGINE=InnoDB AUTO_INCREMENT=24 DEFAULT CHARSET=utf8 COLLATE=utf8_bin;
/*!40101 SET character_set_client = @saved_cs_client */;

--
-- Dumping data for table `tz_object`
--

LOCK TABLES `tz_object` WRITE;
/*!40000 ALTER TABLE `tz_object` DISABLE KEYS */;
INSERT INTO `tz_object` VALUES (14,2,NULL,'2','{\"lat\": 55.819486724167504, \"lng\": 49.109572672527634}',1,'2018-03-24 10:58:02'),(23,3,'21:30','06:35','{\"lat\": 55.818277572836955, \"lng\": 49.09828209733348}',1,'2018-04-03 12:31:53');
/*!40000 ALTER TABLE `tz_object` ENABLE KEYS */;
UNLOCK TABLES;

--
-- Table structure for table `tz_object_lamps`
--

DROP TABLE IF EXISTS `tz_object_lamps`;
/*!40101 SET @saved_cs_client     = @@character_set_client */;
/*!40101 SET character_set_client = utf8 */;
CREATE TABLE `tz_object_lamps` (
  `id` int(11) NOT NULL AUTO_INCREMENT,
  `object_id` int(11) NOT NULL,
  `lamp_id` int(11) NOT NULL,
  `coordinates` text COLLATE utf8_bin NOT NULL,
  `display` int(11) NOT NULL DEFAULT '1',
  `created_at` timestamp NULL DEFAULT NULL,
  PRIMARY KEY (`id`)
) ENGINE=InnoDB AUTO_INCREMENT=411 DEFAULT CHARSET=utf8 COLLATE=utf8_bin;
/*!40101 SET character_set_client = @saved_cs_client */;

--
-- Dumping data for table `tz_object_lamps`
--

LOCK TABLES `tz_object_lamps` WRITE;
/*!40000 ALTER TABLE `tz_object_lamps` DISABLE KEYS */;
INSERT INTO `tz_object_lamps` VALUES (24,13,1,'{\"lat\":55.819435885652,\"lng\":49.110293753552}',1,'2018-03-24 10:55:02'),(25,13,1,'{\"lat\":55.819432871907,\"lng\":49.110395677494}',1,'2018-03-24 10:55:02'),(26,13,1,'{\"lat\":55.819432871907,\"lng\":49.110519059109}',1,'2018-03-24 10:55:02'),(27,13,1,'{\"lat\":55.819432871907,\"lng\":49.110669262814}',1,'2018-03-24 10:55:02'),(28,13,1,'{\"lat\":55.819438899397,\"lng\":49.110798008847}',1,'2018-03-24 10:55:02'),(29,13,1,'{\"lat\":55.819435885652,\"lng\":49.110905297207}',1,'2018-03-24 10:55:02'),(30,13,1,'{\"lat\":55.819435885652,\"lng\":49.111039407658}',1,'2018-03-24 10:55:02'),(31,13,1,'{\"lat\":55.819435885652,\"lng\":49.111152060437}',1,'2018-03-24 10:55:02'),(32,13,2,'{\"lat\":55.819315335666,\"lng\":49.110261567044}',1,'2018-03-24 10:55:02'),(33,13,2,'{\"lat\":55.819315335666,\"lng\":49.110406406331}',1,'2018-03-24 10:55:02'),(34,13,2,'{\"lat\":55.819312321912,\"lng\":49.110502965855}',1,'2018-03-24 10:55:02'),(35,13,2,'{\"lat\":55.819309308157,\"lng\":49.110647805142}',1,'2018-03-24 10:55:02'),(36,13,2,'{\"lat\":55.819309308157,\"lng\":49.110755093502}',1,'2018-03-24 10:55:02'),(37,13,2,'{\"lat\":55.819318349421,\"lng\":49.110846288609}',1,'2018-03-24 10:55:02'),(38,13,2,'{\"lat\":55.819255060533,\"lng\":49.110840924191}',1,'2018-03-24 10:55:02'),(39,13,2,'{\"lat\":55.819200812834,\"lng\":49.110835559773}',1,'2018-03-24 10:55:02'),(40,13,2,'{\"lat\":55.819167661425,\"lng\":49.11073363583}',1,'2018-03-24 10:55:02'),(41,13,2,'{\"lat\":55.81917067519,\"lng\":49.110572703289}',1,'2018-03-24 10:55:02'),(42,13,2,'{\"lat\":55.819167661425,\"lng\":49.110427864003}',1,'2018-03-24 10:55:02'),(43,13,2,'{\"lat\":55.81917067519,\"lng\":49.110320575642}',1,'2018-03-24 10:55:02'),(44,13,2,'{\"lat\":55.819179716486,\"lng\":49.110148914265}',1,'2018-03-24 10:55:02'),(45,13,2,'{\"lat\":55.819444926886,\"lng\":49.109896786618}',1,'2018-03-24 10:55:02'),(46,13,2,'{\"lat\":55.820017534086,\"lng\":49.109886057782}',1,'2018-03-24 10:55:02'),(47,13,2,'{\"lat\":55.819927122983,\"lng\":49.109886057782}',1,'2018-03-24 10:55:02'),(48,13,2,'{\"lat\":55.819824656812,\"lng\":49.109875328946}',1,'2018-03-24 10:55:02'),(49,13,2,'{\"lat\":55.819737258983,\"lng\":49.109886057782}',1,'2018-03-24 10:55:02'),(50,13,2,'{\"lat\":55.819649860957,\"lng\":49.1098914222}',1,'2018-03-24 10:55:02'),(51,13,2,'{\"lat\":55.819595613808,\"lng\":49.109896786618}',1,'2018-03-24 10:55:02'),(52,13,2,'{\"lat\":55.820020547786,\"lng\":49.110052354741}',1,'2018-03-24 10:55:02'),(53,13,2,'{\"lat\":55.819927122983,\"lng\":49.110041625905}',1,'2018-03-24 10:55:02'),(54,13,2,'{\"lat\":55.819827670527,\"lng\":49.110052354741}',1,'2018-03-24 10:55:02'),(55,13,2,'{\"lat\":55.819740272705,\"lng\":49.110057719159}',1,'2018-03-24 10:55:02'),(56,13,2,'{\"lat\":55.819637806042,\"lng\":49.110068447995}',1,'2018-03-24 10:55:02'),(57,13,2,'{\"lat\":55.819547394057,\"lng\":49.110057719159}',1,'2018-03-24 10:55:02'),(58,13,3,'{\"lat\":55.819321363175,\"lng\":49.1098914222}',1,'2018-03-24 10:55:02'),(59,13,3,'{\"lat\":55.819327390682,\"lng\":49.109655387806}',1,'2018-03-24 10:55:02'),(60,13,3,'{\"lat\":55.819330404435,\"lng\":49.109521277356}',1,'2018-03-24 10:55:02'),(61,13,3,'{\"lat\":55.819333418188,\"lng\":49.109360344815}',1,'2018-03-24 10:55:02'),(62,13,3,'{\"lat\":55.819330404435,\"lng\":49.109167225766}',1,'2018-03-24 10:55:02'),(63,13,3,'{\"lat\":55.81946602309,\"lng\":49.109746582913}',1,'2018-03-24 10:55:02'),(64,13,3,'{\"lat\":55.819493146765,\"lng\":49.109585650372}',1,'2018-03-24 10:55:02'),(65,13,3,'{\"lat\":55.819490133024,\"lng\":49.109413988995}',1,'2018-03-24 10:55:02'),(66,13,3,'{\"lat\":55.819484105542,\"lng\":49.109242327618}',1,'2018-03-24 10:55:02'),(67,13,3,'{\"lat\":55.819481091801,\"lng\":49.108974106717}',1,'2018-03-24 10:55:02'),(68,13,3,'{\"lat\":55.819318349421,\"lng\":49.109033115315}',1,'2018-03-24 10:55:02'),(69,13,3,'{\"lat\":55.819327390682,\"lng\":49.108872182774}',1,'2018-03-24 10:55:02'),(70,13,3,'{\"lat\":55.819233964215,\"lng\":49.109875328946}',1,'2018-03-24 10:55:02'),(71,13,3,'{\"lat\":55.81917067519,\"lng\":49.109880693364}',1,'2018-03-24 10:55:02'),(72,13,3,'{\"lat\":55.819098344751,\"lng\":49.109880693364}',1,'2018-03-24 10:55:02'),(73,13,3,'{\"lat\":55.81906217948,\"lng\":49.109875328946}',1,'2018-03-24 10:55:02'),(74,13,3,'{\"lat\":55.819318349421,\"lng\":49.11103404324}',1,'2018-03-24 10:55:02'),(75,13,3,'{\"lat\":55.819324376928,\"lng\":49.111200340199}',1,'2018-03-24 10:55:02'),(76,13,3,'{\"lat\":55.819327390682,\"lng\":49.11135168661}',1,'2018-03-24 10:55:02'),(77,13,3,'{\"lat\":55.819327390682,\"lng\":49.111464339389}',1,'2018-03-24 10:55:02'),(78,13,3,'{\"lat\":55.819321363175,\"lng\":49.111582356585}',1,'2018-03-24 10:55:02'),(79,13,3,'{\"lat\":55.819385757322,\"lng\":49.111729860306}',1,'2018-03-24 10:55:02'),(80,13,3,'{\"lat\":55.819321363175,\"lng\":49.11197932352}',1,'2018-03-24 10:55:02'),(81,13,3,'{\"lat\":55.819336431941,\"lng\":49.11211343397}',1,'2018-03-24 10:55:02'),(82,13,3,'{\"lat\":55.819336431941,\"lng\":49.112231451167}',1,'2018-03-24 10:55:02'),(83,13,3,'{\"lat\":55.819327390682,\"lng\":49.112381654872}',1,'2018-03-24 10:55:02'),(84,13,3,'{\"lat\":55.819327390682,\"lng\":49.112703519954}',1,'2018-03-24 10:55:02'),(85,13,3,'{\"lat\":55.819327390682,\"lng\":49.112531858577}',1,'2018-03-24 10:55:02'),(86,13,3,'{\"lat\":55.819324376928,\"lng\":49.112907367839}',1,'2018-03-24 10:55:02'),(87,13,3,'{\"lat\":55.819318349421,\"lng\":49.113036113871}',1,'2018-03-24 10:55:02'),(88,13,3,'{\"lat\":55.819330404435,\"lng\":49.113207775248}',1,'2018-03-24 10:55:02'),(89,13,3,'{\"lat\":55.819646847229,\"lng\":49.111357051028}',1,'2018-03-24 10:55:02'),(90,13,3,'{\"lat\":55.819637806042,\"lng\":49.111544805659}',1,'2018-03-24 10:55:02'),(91,13,3,'{\"lat\":55.819637806042,\"lng\":49.111754017962}',1,'2018-03-24 10:55:02'),(92,13,3,'{\"lat\":55.819655888414,\"lng\":49.111920314921}',1,'2018-03-24 10:55:02'),(93,13,3,'{\"lat\":55.819673970777,\"lng\":49.112112289117}',1,'2018-03-24 10:55:02'),(94,13,3,'{\"lat\":55.819661915869,\"lng\":49.11229467933}',1,'2018-03-24 10:55:02'),(95,13,3,'{\"lat\":55.819664929597,\"lng\":49.112519984887}',1,'2018-03-24 10:55:02'),(96,13,3,'{\"lat\":55.819664929597,\"lng\":49.112632637666}',1,'2018-03-24 10:55:02'),(97,13,3,'{\"lat\":55.819661915869,\"lng\":49.112895494149}',1,'2018-03-24 10:55:02'),(98,13,3,'{\"lat\":55.819670957051,\"lng\":49.113179808305}',1,'2018-03-24 10:55:02'),(99,13,3,'{\"lat\":55.819583558876,\"lng\":49.113233452485}',1,'2018-03-24 10:55:02'),(100,13,3,'{\"lat\":55.819562462736,\"lng\":49.113040333436}',1,'2018-03-24 10:55:02'),(101,13,3,'{\"lat\":55.819562462736,\"lng\":49.112852578805}',1,'2018-03-24 10:55:02'),(102,13,3,'{\"lat\":55.819559449,\"lng\":49.112718468355}',1,'2018-03-24 10:55:02'),(103,13,3,'{\"lat\":55.819556435265,\"lng\":49.112514620469}',1,'2018-03-24 10:55:02'),(104,13,3,'{\"lat\":55.819559449,\"lng\":49.112262492822}',1,'2018-03-24 10:55:02'),(105,13,3,'{\"lat\":55.819559449,\"lng\":49.112112289117}',1,'2018-03-24 10:55:02'),(106,13,3,'{\"lat\":55.819556435265,\"lng\":49.111935263322}',1,'2018-03-24 10:55:02'),(107,13,3,'{\"lat\":55.819547394057,\"lng\":49.111726051019}',1,'2018-03-24 10:55:02'),(108,13,3,'{\"lat\":55.81953533911,\"lng\":49.111527567552}',1,'2018-03-24 10:55:02'),(109,13,3,'{\"lat\":55.819529311634,\"lng\":49.111404185937}',1,'2018-03-24 10:55:02'),(343,14,1,'{\"lat\":55.819441518026,\"lng\":49.110117160958}',1,'2018-04-05 12:14:26'),(344,14,1,'{\"lat\":55.819441518026,\"lng\":49.1102190849}',1,'2018-04-05 12:14:26'),(345,14,1,'{\"lat\":55.819441518026,\"lng\":49.110363924187}',1,'2018-04-05 12:14:26'),(346,14,1,'{\"lat\":55.819438504281,\"lng\":49.11051949231}',1,'2018-04-05 12:14:26'),(347,14,1,'{\"lat\":55.819438504281,\"lng\":49.110642873925}',1,'2018-04-05 12:14:26'),(348,14,1,'{\"lat\":55.819438504281,\"lng\":49.110771619957}',1,'2018-04-05 12:14:26'),(349,14,1,'{\"lat\":55.819429463046,\"lng\":49.1108735439}',1,'2018-04-05 12:14:26'),(350,14,1,'{\"lat\":55.819441518026,\"lng\":49.111007654351}',1,'2018-04-05 12:14:26'),(351,14,1,'{\"lat\":55.819432476791,\"lng\":49.111109578293}',1,'2018-04-05 12:14:26'),(352,14,2,'{\"lat\":55.819450559258,\"lng\":49.109907948654}',1,'2018-04-05 12:14:26'),(353,14,2,'{\"lat\":55.819435490536,\"lng\":49.109768473786}',1,'2018-04-05 12:14:26'),(354,14,2,'{\"lat\":55.819441518026,\"lng\":49.109655821007}',1,'2018-04-05 12:14:26'),(355,14,2,'{\"lat\":55.819429463046,\"lng\":49.10951098172}',1,'2018-04-05 12:14:26'),(356,14,2,'{\"lat\":55.819432476791,\"lng\":49.10940369336}',1,'2018-04-05 12:14:26'),(357,14,2,'{\"lat\":55.819432476791,\"lng\":49.109307133835}',1,'2018-04-05 12:14:26'),(358,14,2,'{\"lat\":55.8194264493,\"lng\":49.109194481057}',1,'2018-04-05 12:14:26'),(359,14,2,'{\"lat\":55.819441518026,\"lng\":49.108990633171}',1,'2018-04-05 12:14:26'),(360,14,2,'{\"lat\":55.819438504281,\"lng\":49.108786785286}',1,'2018-04-05 12:14:26'),(361,14,2,'{\"lat\":55.819435490536,\"lng\":49.108566844147}',1,'2018-04-05 12:14:26'),(362,14,2,'{\"lat\":55.819441518026,\"lng\":49.108416640442}',1,'2018-04-05 12:14:26'),(363,14,2,'{\"lat\":55.819305899285,\"lng\":49.108384453934}',1,'2018-04-05 12:14:26'),(364,14,2,'{\"lat\":55.819299871774,\"lng\":49.108497106713}',1,'2018-04-05 12:14:26'),(365,14,2,'{\"lat\":55.819299871774,\"lng\":49.108572208565}',1,'2018-04-05 12:14:26'),(366,14,2,'{\"lat\":55.819296858019,\"lng\":49.108641945999}',1,'2018-04-05 12:14:26'),(367,14,2,'{\"lat\":55.819299871774,\"lng\":49.108877980393}',1,'2018-04-05 12:14:26'),(368,14,2,'{\"lat\":55.819299871774,\"lng\":49.108985268753}',1,'2018-04-05 12:14:26'),(369,14,2,'{\"lat\":55.819290830507,\"lng\":49.109140836876}',1,'2018-04-05 12:14:26'),(370,14,2,'{\"lat\":55.819290830507,\"lng\":49.109237396401}',1,'2018-04-05 12:14:26'),(371,14,2,'{\"lat\":55.819293844263,\"lng\":49.109350049179}',1,'2018-04-05 12:14:26'),(372,14,2,'{\"lat\":55.81930288553,\"lng\":49.109478795212}',1,'2018-04-05 12:14:26'),(373,14,2,'{\"lat\":55.819296858019,\"lng\":49.109639727753}',1,'2018-04-05 12:14:26'),(374,14,2,'{\"lat\":55.819296858019,\"lng\":49.10978456704}',1,'2018-04-05 12:14:26'),(375,14,2,'{\"lat\":55.819242610377,\"lng\":49.109907948654}',1,'2018-04-05 12:14:26'),(376,14,2,'{\"lat\":55.819158225007,\"lng\":49.109897219818}',1,'2018-04-05 12:14:26'),(377,14,2,'{\"lat\":55.819085894544,\"lng\":49.109897219818}',1,'2018-04-05 12:14:26'),(378,14,2,'{\"lat\":55.819296858019,\"lng\":49.110079610031}',1,'2018-04-05 12:14:26'),(379,14,2,'{\"lat\":55.819215486528,\"lng\":49.110084974449}',1,'2018-04-05 12:14:26'),(380,14,2,'{\"lat\":55.819143156172,\"lng\":49.110074245613}',1,'2018-04-05 12:14:26'),(381,14,2,'{\"lat\":55.819079867,\"lng\":49.110122525376}',1,'2018-04-05 12:14:26'),(382,14,3,'{\"lat\":55.819330009318,\"lng\":49.11019226281}',1,'2018-04-05 12:14:26'),(383,14,3,'{\"lat\":55.819323981811,\"lng\":49.110353195351}',1,'2018-04-05 12:14:26'),(384,14,3,'{\"lat\":55.819311926794,\"lng\":49.11046584813}',1,'2018-04-05 12:14:26'),(385,14,3,'{\"lat\":55.819311926794,\"lng\":49.110637509507}',1,'2018-04-05 12:14:26'),(386,14,3,'{\"lat\":55.81930891304,\"lng\":49.110723340195}',1,'2018-04-05 12:14:26'),(387,14,3,'{\"lat\":55.819326995564,\"lng\":49.11084672181}',1,'2018-04-05 12:14:26'),(388,14,3,'{\"lat\":55.819269734208,\"lng\":49.11084672181}',1,'2018-04-05 12:14:26'),(389,14,3,'{\"lat\":55.819176307602,\"lng\":49.11084672181}',1,'2018-04-05 12:14:26'),(390,14,3,'{\"lat\":55.819103977173,\"lng\":49.110868179482}',1,'2018-04-05 12:14:26'),(391,14,3,'{\"lat\":55.819326995564,\"lng\":49.111045205277}',1,'2018-04-05 12:14:26'),(392,14,3,'{\"lat\":55.819272747965,\"lng\":49.111050569695}',1,'2018-04-05 12:14:26'),(393,14,3,'{\"lat\":55.819212472766,\"lng\":49.111039840859}',1,'2018-04-05 12:14:26'),(394,14,3,'{\"lat\":55.819149183707,\"lng\":49.111039840859}',1,'2018-04-05 12:14:26'),(395,14,3,'{\"lat\":55.819076853227,\"lng\":49.111039840859}',1,'2018-04-05 12:14:26'),(396,14,3,'{\"lat\":55.819342064329,\"lng\":49.111168586891}',1,'2018-04-05 12:14:26'),(397,14,3,'{\"lat\":55.819342064329,\"lng\":49.111249053162}',1,'2018-04-05 12:14:26'),(398,14,3,'{\"lat\":55.819336036824,\"lng\":49.111361705941}',1,'2018-04-05 12:14:26'),(399,14,3,'{\"lat\":55.819336036824,\"lng\":49.111452901047}',1,'2018-04-05 12:14:26'),(400,14,3,'{\"lat\":55.819330009318,\"lng\":49.111544096154}',1,'2018-04-05 12:14:26'),(401,14,3,'{\"lat\":55.819323981811,\"lng\":49.112000071686}',1,'2018-04-05 12:14:26'),(402,14,3,'{\"lat\":55.819323981811,\"lng\":49.112128817719}',1,'2018-04-05 12:14:26'),(403,14,3,'{\"lat\":55.819326995564,\"lng\":49.112305843514}',1,'2018-04-05 12:14:26'),(404,14,3,'{\"lat\":55.819323981811,\"lng\":49.112493598145}',1,'2018-04-05 12:14:26'),(405,14,3,'{\"lat\":55.819323981811,\"lng\":49.112681352776}',1,'2018-04-05 12:14:26'),(406,14,3,'{\"lat\":55.819317954303,\"lng\":49.112826192063}',1,'2018-04-05 12:14:26'),(407,14,3,'{\"lat\":55.819317954303,\"lng\":49.113013946694}',1,'2018-04-05 12:14:26'),(408,14,3,'{\"lat\":55.819317954303,\"lng\":49.113169514817}',1,'2018-04-05 12:14:26'),(409,23,1,'{\"lat\":55.818154005418,\"lng\":49.098434983247}',1,'2018-04-05 12:23:09'),(410,23,3,'{\"lat\":55.818208254577,\"lng\":49.097565947527}',1,'2018-04-05 12:23:09');
/*!40000 ALTER TABLE `tz_object_lamps` ENABLE KEYS */;
UNLOCK TABLES;

--
-- Table structure for table `tz_object_lamps_types`
--

DROP TABLE IF EXISTS `tz_object_lamps_types`;
/*!40101 SET @saved_cs_client     = @@character_set_client */;
/*!40101 SET character_set_client = utf8 */;
CREATE TABLE `tz_object_lamps_types` (
  `id` int(11) NOT NULL AUTO_INCREMENT,
  `name` varchar(40) COLLATE utf8_bin NOT NULL,
  `consumption` decimal(9,2) NOT NULL,
  `img` varchar(100) COLLATE utf8_bin NOT NULL DEFAULT 'default.png',
  `display` tinyint(4) NOT NULL DEFAULT '1',
  `created_at` timestamp NULL DEFAULT NULL,
  PRIMARY KEY (`id`)
) ENGINE=InnoDB AUTO_INCREMENT=4 DEFAULT CHARSET=utf8 COLLATE=utf8_bin;
/*!40101 SET character_set_client = @saved_cs_client */;

--
-- Dumping data for table `tz_object_lamps_types`
--

LOCK TABLES `tz_object_lamps_types` WRITE;
/*!40000 ALTER TABLE `tz_object_lamps_types` DISABLE KEYS */;
INSERT INTO `tz_object_lamps_types` VALUES (1,'Фонарь',1.17,'lamp.png',1,'2018-03-15 18:00:00'),(2,'Двухсторонний',2.35,'lamp-dbl.png',1,'2018-03-28 18:00:00'),(3,'Пятирожковый',6.41,'lamp-five.png',1,'2018-03-29 18:00:00');
/*!40000 ALTER TABLE `tz_object_lamps_types` ENABLE KEYS */;
UNLOCK TABLES;

--
-- Table structure for table `user_regions_access`
--

DROP TABLE IF EXISTS `user_regions_access`;
/*!40101 SET @saved_cs_client     = @@character_set_client */;
/*!40101 SET character_set_client = utf8 */;
CREATE TABLE `user_regions_access` (
  `id` int(11) NOT NULL AUTO_INCREMENT,
  `user_id` int(11) NOT NULL,
  `address_id` int(11) NOT NULL,
  PRIMARY KEY (`id`)
) ENGINE=InnoDB DEFAULT CHARSET=utf8 COLLATE=utf8_bin;
/*!40101 SET character_set_client = @saved_cs_client */;

--
-- Dumping data for table `user_regions_access`
--

LOCK TABLES `user_regions_access` WRITE;
/*!40000 ALTER TABLE `user_regions_access` DISABLE KEYS */;
/*!40000 ALTER TABLE `user_regions_access` ENABLE KEYS */;
UNLOCK TABLES;

--
-- Table structure for table `users`
--

DROP TABLE IF EXISTS `users`;
/*!40101 SET @saved_cs_client     = @@character_set_client */;
/*!40101 SET character_set_client = utf8 */;
CREATE TABLE `users` (
  `id` int(10) unsigned NOT NULL AUTO_INCREMENT,
  `first_name` varchar(50) COLLATE utf8mb4_unicode_ci NOT NULL,
  `last_name` varchar(50) COLLATE utf8mb4_unicode_ci NOT NULL,
  `login` varchar(50) COLLATE utf8mb4_unicode_ci NOT NULL,
  `email` varchar(50) COLLATE utf8mb4_unicode_ci NOT NULL,
  `password` varchar(255) COLLATE utf8mb4_unicode_ci NOT NULL,
  `role_id` int(11) NOT NULL,
  `passport` varchar(50) COLLATE utf8mb4_unicode_ci DEFAULT NULL,
  `passport_mvd` varchar(50) COLLATE utf8mb4_unicode_ci DEFAULT NULL,
  `contract` varchar(50) COLLATE utf8mb4_unicode_ci DEFAULT NULL,
  `remember_token` varchar(100) COLLATE utf8mb4_unicode_ci DEFAULT NULL,
  `display` tinyint(4) NOT NULL DEFAULT '1',
  `created_at` timestamp NULL DEFAULT NULL,
  `updated_at` timestamp NULL DEFAULT NULL,
  `deleted_at` timestamp NULL DEFAULT NULL,
  PRIMARY KEY (`id`),
  UNIQUE KEY `users_login_unique` (`login`),
  UNIQUE KEY `users_email_unique` (`email`)
) ENGINE=InnoDB AUTO_INCREMENT=38 DEFAULT CHARSET=utf8mb4 COLLATE=utf8mb4_unicode_ci;
/*!40101 SET character_set_client = @saved_cs_client */;

--
-- Dumping data for table `users`
--

LOCK TABLES `users` WRITE;
/*!40000 ALTER TABLE `users` DISABLE KEYS */;
INSERT INTO `users` VALUES (1,'Demo','Demo','admin','demo@gmail.com','$2y$10$7eMuO0Jyy9I9kSc9qvlOpe/o8mH8wfYO9XKKHKDpIa4GE7TNLzZBu',1,NULL,NULL,NULL,'Nz12yLxTzomXQ7vzI45wbqpYOddvCKKAEW2NpEIUe2qKCNXDQP2Dj6tsDyCR',1,NULL,'2020-03-18 11:16:33',NULL),(29,'tozelesh','tozelesh','tozelesh','tozelesh@mail.ru','$2y$10$vSr4/mQgZZGLrEANaQ4M7eOmx1boBc6kgHjJkJJhRpLYCJI4w6L1q',5,NULL,NULL,NULL,'4j3412ZJwlCkvpmYMsCqemtfQQC11mZ7j7iAUUzOTFVI1CgMgThUegZOWxca',1,'2017-10-30 15:52:29','2017-10-30 15:52:29',NULL),(30,'test','test','test','test@te.te','$2y$10$nlM.sIIpwCXluPWtJCGTnOqofapYOG7//CIuhUwc81WYgvtYPcEWS',4,'324','23432','234',NULL,1,'2018-02-23 07:11:27','2018-06-24 06:37:04',NULL),(31,'etst','etst','etst','etst@b.h','$2y$10$WJcazb9xxEYKF/MpEc1Q6OQr2jufibTDcWAP1/DibOonmN2aXjUu2',4,'etst','etst',NULL,NULL,1,'2018-06-03 13:22:42','2018-06-03 13:22:42',NULL),(32,'test','test','test1','test@et.yr','$2y$10$vcZaHhuZqjrRkZ/HDpTpi.4nBwOo5M/.6g8xm4sqp2V1vdYCZAkKS',4,'test','test','test',NULL,1,'2018-06-24 08:04:44','2018-06-24 08:04:44',NULL),(33,'test2','test2','test2','test2@f.re','$2y$10$YLs9yHx6PU/mA7K9sZEGCu729syqdLC401IW7IapVMw6sh77Abx7.',4,'test2','test2','test2',NULL,1,'2018-06-24 08:07:12','2018-06-24 08:07:12',NULL),(34,'test3','test3','test3','test3@jh.yt','$2y$10$rChvhxo56gJUEOXieEhW8uA6ENK8GzJ8Jm9W7IZ8bZ5.DV5Ca9zJu',4,'test3','test3','test3',NULL,1,'2018-06-24 08:09:10','2018-06-24 08:09:10',NULL),(35,'test4','test4','test4','test4@fd.df','$2y$10$lL/jOZsvqUsAgkIW94./M.Ny3pJNwUyGmahSYOikb/M3I106d/fA2',4,'test4','test4','test4',NULL,1,'2018-06-24 08:09:41','2018-06-24 08:09:41',NULL),(36,'test5','test5','test5','test5@hg.yt','$2y$10$1cdgM0Xwas9WjJm2e3dnIexgI0dWLIFZ8.XLG2iqRWmwh9fwbq6By',4,'test5','test5','test5',NULL,1,'2018-06-24 08:11:35','2018-06-24 08:11:35',NULL),(37,'test6','test6','test6','test6@gf.gh','$2y$10$3Hs2tbj/DNuOvml2es/MEuupwm.EKhYyLb.CIwtrJXaYTgeUiGcpm',4,'test6','test6','test6',NULL,1,'2018-06-24 08:11:58','2018-06-24 08:11:58',NULL);
/*!40000 ALTER TABLE `users` ENABLE KEYS */;
UNLOCK TABLES;
/*!40103 SET TIME_ZONE=@OLD_TIME_ZONE */;

/*!40101 SET SQL_MODE=@OLD_SQL_MODE */;
/*!40014 SET FOREIGN_KEY_CHECKS=@OLD_FOREIGN_KEY_CHECKS */;
/*!40014 SET UNIQUE_CHECKS=@OLD_UNIQUE_CHECKS */;
/*!40101 SET CHARACTER_SET_CLIENT=@OLD_CHARACTER_SET_CLIENT */;
/*!40101 SET CHARACTER_SET_RESULTS=@OLD_CHARACTER_SET_RESULTS */;
/*!40101 SET COLLATION_CONNECTION=@OLD_COLLATION_CONNECTION */;
/*!40111 SET SQL_NOTES=@OLD_SQL_NOTES */;

-- Dump completed on 2020-03-18 19:03:35
